id_usuario,id_dispositivo,fecha_intento,resultado,cantidad_intentos,razon_fallo
1,106,2022-02-14,Bloqueado,10,Dispositivo bloqueado
1,379,2022-10-10,Exitoso,8,Contraseña incorrecta
1,346,2025-06-01,Fallido,1,Contraseña incorrecta
2,395,2023-06-21,Bloqueado,5,Sin problema
2,198,2023-04-30,Exitoso,10,Dispositivo bloqueado
2,328,2024-01-10,Exitoso,3,Dispositivo bloqueado
2,332,2023-08-18,Bloqueado,5,Contraseña incorrecta
3,522,2023-11-30,Exitoso,5,Sin problema
3,241,2024-03-13,Bloqueado,4,Contraseña incorrecta
4,323,2024-12-17,Fallido,2,Contraseña incorrecta
4,217,2023-01-24,Bloqueado,4,Sin problema
4,357,2024-05-25,Exitoso,4,Sin problema
5,127,2025-10-06,Bloqueado,4,Limitado por hora
6,212,2025-11-27,Fallido,8,Sin problema
6,524,2023-01-05,Bloqueado,2,Contraseña incorrecta
7,181,2022-11-07,Exitoso,2,Sin problema
7,107,2024-11-23,Bloqueado,1,Contraseña incorrecta
7,51,2024-11-05,Fallido,10,Contraseña incorrecta
8,212,2022-04-06,Bloqueado,2,Contraseña incorrecta
8,529,2025-08-22,Bloqueado,2,Limitado por hora
9,166,2022-02-06,Bloqueado,3,Limitado por hora
10,559,2022-09-02,Fallido,4,Contraseña incorrecta
11,532,2024-05-13,Exitoso,9,Contraseña incorrecta
11,379,2024-11-01,Bloqueado,9,Sin problema
11,372,2025-01-16,Bloqueado,8,Limitado por hora
12,513,2022-03-16,Fallido,7,Limitado por hora
12,583,2022-04-16,Exitoso,5,Dispositivo bloqueado
12,429,2023-06-20,Fallido,3,Contraseña incorrecta
12,353,2025-03-23,Bloqueado,7,Dispositivo bloqueado
13,29,2025-11-15,Bloqueado,10,Contraseña incorrecta
13,484,2022-03-01,Exitoso,10,Sin problema
13,497,2024-02-03,Fallido,3,Contraseña incorrecta
14,568,2025-04-08,Bloqueado,1,Sin problema
14,309,2024-08-07,Fallido,9,Contraseña incorrecta
14,412,2023-01-25,Bloqueado,10,Sin problema
15,402,2024-01-02,Bloqueado,7,Limitado por hora
15,538,2022-08-07,Fallido,1,Contraseña incorrecta
15,278,2025-01-08,Fallido,6,Dispositivo bloqueado
16,248,2024-05-12,Fallido,10,Contraseña incorrecta
16,177,2024-05-03,Exitoso,4,Dispositivo bloqueado
16,353,2025-10-29,Fallido,1,Sin problema
17,486,2024-01-06,Bloqueado,7,Limitado por hora
18,299,2023-09-19,Bloqueado,7,Limitado por hora
19,532,2025-09-28,Fallido,10,Sin problema
19,538,2025-11-21,Bloqueado,6,Limitado por hora
19,126,2022-04-11,Fallido,1,Limitado por hora
20,99,2023-06-10,Exitoso,3,Contraseña incorrecta
21,348,2025-04-21,Fallido,1,Limitado por hora
21,360,2024-12-03,Fallido,6,Contraseña incorrecta
22,371,2022-02-16,Bloqueado,5,Dispositivo bloqueado
22,220,2024-06-09,Exitoso,5,Dispositivo bloqueado
23,68,2024-12-27,Exitoso,8,Dispositivo bloqueado
23,331,2024-06-19,Bloqueado,6,Limitado por hora
23,413,2024-12-07,Exitoso,7,Contraseña incorrecta
23,445,2025-05-10,Bloqueado,1,Sin problema
24,240,2025-08-20,Exitoso,4,Limitado por hora
24,364,2025-06-15,Bloqueado,1,Limitado por hora
24,480,2023-07-18,Fallido,8,Dispositivo bloqueado
24,221,2023-02-04,Fallido,1,Limitado por hora
25,329,2023-11-24,Fallido,1,Sin problema
26,212,2023-02-03,Fallido,4,Sin problema
26,482,2022-10-02,Bloqueado,8,Dispositivo bloqueado
27,230,2022-07-17,Bloqueado,9,Dispositivo bloqueado
27,241,2023-06-12,Exitoso,3,Limitado por hora
27,128,2025-10-21,Exitoso,2,Dispositivo bloqueado
27,534,2023-10-18,Exitoso,7,Contraseña incorrecta
28,214,2022-06-21,Exitoso,8,Dispositivo bloqueado
28,481,2024-08-28,Bloqueado,9,Dispositivo bloqueado
29,145,2022-03-07,Fallido,5,Contraseña incorrecta
29,19,2025-11-28,Exitoso,2,Limitado por hora
29,402,2024-11-11,Exitoso,8,Contraseña incorrecta
29,409,2023-04-10,Bloqueado,5,Sin problema
30,522,2025-01-22,Exitoso,5,Limitado por hora
31,263,2022-08-10,Bloqueado,2,Contraseña incorrecta
31,475,2022-06-12,Bloqueado,6,Sin problema
31,199,2022-08-14,Bloqueado,5,Contraseña incorrecta
31,552,2025-02-21,Exitoso,8,Limitado por hora
32,277,2023-03-06,Bloqueado,5,Limitado por hora
32,239,2024-01-31,Fallido,2,Limitado por hora
33,325,2023-07-28,Fallido,4,Limitado por hora
33,293,2023-11-13,Fallido,2,Dispositivo bloqueado
34,190,2024-07-07,Fallido,8,Contraseña incorrecta
34,127,2025-11-10,Bloqueado,10,Sin problema
34,453,2022-06-01,Exitoso,4,Contraseña incorrecta
34,435,2024-06-26,Bloqueado,2,Contraseña incorrecta
35,340,2023-12-28,Fallido,3,Contraseña incorrecta
36,252,2025-04-21,Bloqueado,10,Limitado por hora
36,463,2025-09-21,Bloqueado,1,Dispositivo bloqueado
36,106,2023-05-28,Bloqueado,6,Limitado por hora
36,86,2023-03-20,Fallido,5,Contraseña incorrecta
37,250,2024-01-24,Bloqueado,1,Limitado por hora
37,249,2022-09-19,Bloqueado,8,Limitado por hora
38,348,2023-06-17,Bloqueado,9,Dispositivo bloqueado
38,39,2022-02-01,Fallido,3,Sin problema
38,4,2025-11-04,Bloqueado,10,Limitado por hora
39,471,2024-04-14,Bloqueado,1,Sin problema
39,586,2024-04-11,Bloqueado,7,Limitado por hora
39,453,2025-03-18,Exitoso,10,Contraseña incorrecta
40,551,2025-10-10,Exitoso,7,Sin problema
40,506,2025-04-06,Bloqueado,10,Sin problema
40,581,2024-09-24,Bloqueado,9,Contraseña incorrecta
40,17,2024-10-20,Bloqueado,10,Contraseña incorrecta
41,533,2022-05-25,Exitoso,2,Contraseña incorrecta
41,414,2022-09-24,Fallido,1,Contraseña incorrecta
42,343,2025-10-24,Exitoso,7,Dispositivo bloqueado
43,494,2023-08-09,Fallido,6,Limitado por hora
43,198,2022-12-31,Exitoso,6,Sin problema
43,375,2023-09-17,Bloqueado,7,Limitado por hora
43,535,2024-12-02,Bloqueado,5,Sin problema
44,592,2023-11-10,Fallido,8,Dispositivo bloqueado
44,186,2022-01-16,Exitoso,3,Contraseña incorrecta
44,230,2023-09-15,Exitoso,8,Sin problema
45,180,2025-12-20,Fallido,4,Sin problema
45,126,2023-05-19,Bloqueado,8,Contraseña incorrecta
45,280,2025-05-29,Exitoso,9,Dispositivo bloqueado
46,586,2024-04-05,Bloqueado,7,Dispositivo bloqueado
47,229,2024-12-19,Bloqueado,6,Contraseña incorrecta
47,477,2023-10-07,Exitoso,3,Contraseña incorrecta
47,13,2024-09-19,Exitoso,2,Dispositivo bloqueado
47,585,2025-10-23,Bloqueado,1,Dispositivo bloqueado
48,6,2022-12-30,Exitoso,3,Dispositivo bloqueado
48,508,2025-08-28,Exitoso,4,Contraseña incorrecta
48,87,2023-04-30,Bloqueado,4,Limitado por hora
48,548,2022-02-04,Exitoso,7,Dispositivo bloqueado
49,419,2023-07-23,Exitoso,10,Contraseña incorrecta
50,335,2024-01-21,Exitoso,8,Contraseña incorrecta
50,180,2022-01-16,Exitoso,9,Contraseña incorrecta
50,132,2023-09-06,Fallido,10,Sin problema
51,41,2025-07-10,Fallido,2,Sin problema
51,525,2024-01-30,Fallido,8,Sin problema
52,125,2025-03-31,Exitoso,7,Dispositivo bloqueado
52,2,2024-02-22,Fallido,2,Dispositivo bloqueado
52,112,2022-09-11,Bloqueado,3,Contraseña incorrecta
53,295,2022-08-19,Exitoso,3,Dispositivo bloqueado
53,64,2022-06-09,Exitoso,3,Contraseña incorrecta
54,200,2022-11-20,Bloqueado,2,Contraseña incorrecta
54,583,2025-03-29,Bloqueado,3,Dispositivo bloqueado
55,290,2023-01-18,Fallido,4,Dispositivo bloqueado
56,177,2022-10-09,Exitoso,5,Sin problema
57,96,2022-04-18,Bloqueado,2,Dispositivo bloqueado
57,230,2025-10-29,Exitoso,2,Sin problema
57,337,2025-06-04,Fallido,9,Dispositivo bloqueado
57,184,2025-09-17,Bloqueado,2,Dispositivo bloqueado
58,332,2022-09-04,Bloqueado,10,Dispositivo bloqueado
58,126,2025-07-03,Bloqueado,8,Sin problema
59,417,2023-05-10,Exitoso,2,Sin problema
59,111,2023-12-14,Fallido,4,Sin problema
59,446,2025-11-15,Fallido,1,Sin problema
59,300,2022-08-13,Exitoso,5,Contraseña incorrecta
60,417,2023-06-22,Bloqueado,6,Limitado por hora
61,31,2025-07-13,Exitoso,10,Contraseña incorrecta
61,181,2025-12-15,Fallido,4,Limitado por hora
62,149,2025-08-20,Bloqueado,10,Contraseña incorrecta
62,467,2022-09-25,Fallido,3,Sin problema
62,323,2024-02-15,Fallido,7,Limitado por hora
63,436,2024-06-29,Exitoso,3,Limitado por hora
64,278,2025-12-15,Exitoso,2,Contraseña incorrecta
64,23,2023-12-15,Bloqueado,8,Contraseña incorrecta
64,329,2023-02-18,Exitoso,3,Dispositivo bloqueado
65,45,2024-07-27,Bloqueado,4,Sin problema
65,406,2025-02-12,Fallido,9,Limitado por hora
65,565,2024-06-13,Exitoso,10,Contraseña incorrecta
65,63,2025-12-28,Bloqueado,3,Contraseña incorrecta
66,296,2022-04-03,Fallido,1,Contraseña incorrecta
66,414,2022-07-09,Fallido,7,Dispositivo bloqueado
66,328,2025-11-05,Exitoso,2,Dispositivo bloqueado
67,134,2022-12-06,Fallido,9,Dispositivo bloqueado
67,531,2022-08-24,Bloqueado,1,Limitado por hora
67,14,2023-08-18,Fallido,10,Contraseña incorrecta
67,450,2025-01-29,Exitoso,5,Limitado por hora
68,350,2025-09-21,Bloqueado,7,Dispositivo bloqueado
69,99,2024-09-17,Exitoso,10,Sin problema
69,175,2024-03-30,Bloqueado,9,Sin problema
69,322,2023-05-15,Exitoso,5,Dispositivo bloqueado
69,231,2023-01-29,Bloqueado,5,Contraseña incorrecta
70,142,2024-05-05,Bloqueado,8,Contraseña incorrecta
71,121,2022-04-14,Bloqueado,3,Sin problema
71,516,2023-11-30,Bloqueado,3,Sin problema
72,410,2023-06-14,Fallido,10,Sin problema
72,194,2023-06-13,Fallido,1,Dispositivo bloqueado
72,551,2024-01-04,Fallido,6,Dispositivo bloqueado
73,598,2024-08-22,Bloqueado,5,Contraseña incorrecta
74,36,2023-05-30,Fallido,5,Contraseña incorrecta
74,18,2025-04-29,Fallido,5,Dispositivo bloqueado
74,375,2023-07-08,Bloqueado,2,Contraseña incorrecta
75,75,2022-07-20,Fallido,10,Dispositivo bloqueado
75,598,2023-08-25,Fallido,3,Contraseña incorrecta
76,145,2025-07-02,Bloqueado,10,Dispositivo bloqueado
76,513,2024-07-29,Fallido,3,Limitado por hora
77,225,2022-01-08,Fallido,10,Dispositivo bloqueado
77,350,2022-02-17,Bloqueado,5,Limitado por hora
77,545,2025-08-28,Bloqueado,7,Dispositivo bloqueado
77,69,2024-06-08,Exitoso,9,Contraseña incorrecta
78,14,2023-11-20,Bloqueado,10,Contraseña incorrecta
79,105,2022-12-03,Exitoso,2,Dispositivo bloqueado
79,391,2022-11-23,Exitoso,2,Sin problema
79,445,2024-02-10,Fallido,6,Limitado por hora
80,437,2023-04-01,Exitoso,1,Dispositivo bloqueado
80,198,2023-02-19,Fallido,10,Sin problema
81,357,2024-03-22,Fallido,1,Limitado por hora
82,338,2024-04-06,Bloqueado,5,Sin problema
82,271,2024-03-09,Bloqueado,8,Contraseña incorrecta
82,349,2025-06-21,Exitoso,9,Contraseña incorrecta
83,153,2024-01-25,Fallido,8,Dispositivo bloqueado
83,104,2025-09-06,Fallido,2,Limitado por hora
83,373,2024-05-02,Bloqueado,7,Dispositivo bloqueado
83,475,2024-04-03,Fallido,1,Limitado por hora
84,250,2024-02-24,Fallido,6,Limitado por hora
84,118,2024-07-05,Exitoso,2,Sin problema
85,585,2024-04-17,Fallido,10,Limitado por hora
85,231,2025-06-15,Exitoso,5,Limitado por hora
85,159,2023-04-10,Fallido,5,Contraseña incorrecta
85,434,2025-05-15,Exitoso,9,Dispositivo bloqueado
86,353,2024-05-01,Exitoso,9,Contraseña incorrecta
87,292,2024-06-28,Fallido,5,Sin problema
87,512,2023-03-18,Exitoso,4,Limitado por hora
87,58,2022-08-26,Exitoso,8,Limitado por hora
87,490,2024-02-24,Bloqueado,1,Dispositivo bloqueado
88,290,2023-11-17,Exitoso,4,Dispositivo bloqueado
88,561,2025-11-16,Exitoso,7,Dispositivo bloqueado
89,554,2025-07-09,Bloqueado,1,Limitado por hora
89,112,2024-11-13,Fallido,7,Dispositivo bloqueado
89,568,2024-10-08,Fallido,1,Dispositivo bloqueado
90,401,2023-09-19,Fallido,1,Contraseña incorrecta
90,385,2023-02-20,Bloqueado,3,Dispositivo bloqueado
90,134,2025-01-05,Fallido,7,Contraseña incorrecta
90,148,2024-10-19,Exitoso,10,Contraseña incorrecta
91,468,2023-04-04,Fallido,7,Dispositivo bloqueado
92,429,2024-07-25,Exitoso,10,Sin problema
92,387,2025-10-25,Exitoso,8,Contraseña incorrecta
92,510,2025-10-25,Fallido,3,Contraseña incorrecta
92,424,2024-02-04,Bloqueado,8,Limitado por hora
93,266,2024-07-30,Bloqueado,7,Limitado por hora
94,481,2025-07-11,Exitoso,7,Dispositivo bloqueado
94,29,2022-11-17,Exitoso,7,Sin problema
94,131,2023-02-05,Fallido,10,Dispositivo bloqueado
95,460,2022-12-23,Fallido,5,Sin problema
95,467,2024-05-31,Fallido,9,Contraseña incorrecta
95,433,2022-07-17,Fallido,9,Sin problema
96,593,2025-05-04,Fallido,8,Sin problema
97,209,2024-11-29,Bloqueado,1,Limitado por hora
97,13,2023-03-29,Bloqueado,4,Sin problema
98,404,2024-05-05,Fallido,1,Dispositivo bloqueado
98,198,2023-05-24,Bloqueado,1,Dispositivo bloqueado
98,89,2025-05-12,Bloqueado,4,Limitado por hora
99,407,2025-03-10,Fallido,3,Dispositivo bloqueado
100,427,2025-03-17,Exitoso,2,Sin problema
100,199,2022-01-28,Bloqueado,10,Limitado por hora
100,368,2024-12-17,Fallido,4,Sin problema
101,57,2023-08-31,Fallido,2,Limitado por hora
101,77,2024-03-22,Fallido,2,Contraseña incorrecta
101,4,2024-03-24,Exitoso,6,Dispositivo bloqueado
102,199,2025-03-20,Fallido,2,Sin problema
102,298,2024-11-20,Exitoso,9,Sin problema
102,323,2025-08-29,Fallido,5,Limitado por hora
103,543,2025-12-21,Fallido,1,Contraseña incorrecta
103,308,2025-04-23,Exitoso,9,Limitado por hora
103,69,2023-03-18,Bloqueado,10,Contraseña incorrecta
104,582,2025-11-10,Exitoso,6,Dispositivo bloqueado
104,270,2025-11-06,Fallido,6,Sin problema
104,351,2024-06-15,Exitoso,1,Sin problema
104,331,2022-09-28,Fallido,2,Dispositivo bloqueado
105,456,2025-08-03,Bloqueado,3,Dispositivo bloqueado
105,377,2025-08-03,Fallido,7,Contraseña incorrecta
105,445,2023-03-15,Exitoso,6,Sin problema
106,530,2022-06-21,Fallido,4,Limitado por hora
106,600,2024-06-10,Exitoso,2,Limitado por hora
107,202,2023-02-11,Bloqueado,6,Limitado por hora
107,565,2025-07-12,Exitoso,7,Dispositivo bloqueado
108,41,2025-07-19,Exitoso,2,Dispositivo bloqueado
108,35,2025-12-15,Exitoso,5,Contraseña incorrecta
108,123,2024-05-27,Exitoso,10,Contraseña incorrecta
108,206,2023-10-21,Fallido,3,Sin problema
109,269,2023-02-03,Exitoso,6,Limitado por hora
109,91,2022-12-21,Exitoso,6,Limitado por hora
110,132,2022-05-22,Exitoso,9,Limitado por hora
110,3,2024-02-18,Bloqueado,3,Limitado por hora
110,137,2025-09-27,Bloqueado,9,Limitado por hora
111,146,2023-06-01,Fallido,7,Dispositivo bloqueado
112,239,2022-09-02,Bloqueado,1,Limitado por hora
112,408,2025-08-02,Bloqueado,1,Limitado por hora
112,31,2022-01-31,Bloqueado,10,Limitado por hora
113,563,2025-03-21,Fallido,8,Dispositivo bloqueado
114,234,2025-08-12,Fallido,10,Contraseña incorrecta
114,285,2024-01-16,Bloqueado,8,Sin problema
114,417,2025-12-06,Bloqueado,2,Dispositivo bloqueado
115,212,2023-05-19,Fallido,1,Limitado por hora
115,84,2022-02-05,Bloqueado,2,Contraseña incorrecta
115,168,2023-03-13,Exitoso,3,Contraseña incorrecta
115,23,2023-04-12,Fallido,8,Contraseña incorrecta
116,516,2023-08-03,Fallido,4,Sin problema
116,556,2022-06-26,Fallido,10,Sin problema
116,203,2023-12-03,Exitoso,4,Dispositivo bloqueado
116,132,2022-03-31,Fallido,3,Dispositivo bloqueado
117,282,2022-10-07,Fallido,9,Dispositivo bloqueado
118,79,2025-09-12,Fallido,9,Contraseña incorrecta
119,75,2022-05-14,Fallido,4,Limitado por hora
119,508,2025-02-01,Fallido,9,Limitado por hora
120,199,2025-10-27,Fallido,7,Limitado por hora
120,495,2024-05-27,Bloqueado,7,Contraseña incorrecta
121,56,2022-02-23,Bloqueado,8,Contraseña incorrecta
121,484,2022-01-30,Exitoso,9,Limitado por hora
122,298,2024-06-04,Fallido,4,Dispositivo bloqueado
122,18,2024-12-10,Bloqueado,3,Dispositivo bloqueado
122,462,2022-03-04,Fallido,5,Dispositivo bloqueado
122,357,2023-06-04,Exitoso,9,Contraseña incorrecta
123,525,2025-01-09,Fallido,5,Contraseña incorrecta
123,100,2022-04-07,Bloqueado,5,Contraseña incorrecta
123,557,2022-04-02,Fallido,5,Limitado por hora
124,524,2025-04-23,Bloqueado,4,Sin problema
124,123,2024-12-03,Fallido,1,Sin problema
124,480,2024-01-23,Bloqueado,4,Contraseña incorrecta
125,385,2024-07-13,Fallido,1,Sin problema
125,259,2023-01-07,Fallido,1,Contraseña incorrecta
125,422,2023-11-19,Fallido,9,Dispositivo bloqueado
126,222,2024-11-18,Bloqueado,1,Dispositivo bloqueado
126,223,2024-04-21,Exitoso,5,Limitado por hora
127,397,2024-10-11,Bloqueado,1,Dispositivo bloqueado
128,568,2022-05-07,Fallido,5,Dispositivo bloqueado
128,357,2022-09-26,Bloqueado,3,Dispositivo bloqueado
128,528,2023-01-17,Fallido,10,Sin problema
128,294,2025-01-23,Exitoso,9,Limitado por hora
129,335,2025-03-17,Exitoso,2,Contraseña incorrecta
129,101,2025-12-29,Exitoso,6,Limitado por hora
129,399,2024-12-02,Fallido,10,Dispositivo bloqueado
130,68,2025-01-30,Fallido,2,Limitado por hora
130,331,2024-10-17,Exitoso,5,Sin problema
130,511,2025-02-03,Bloqueado,8,Dispositivo bloqueado
130,122,2022-03-03,Fallido,7,Limitado por hora
131,133,2024-04-22,Exitoso,5,Limitado por hora
131,224,2022-03-07,Exitoso,6,Limitado por hora
132,346,2023-04-22,Fallido,8,Limitado por hora
132,430,2024-03-11,Fallido,4,Limitado por hora
132,29,2023-03-25,Exitoso,2,Sin problema
132,171,2023-07-22,Fallido,9,Limitado por hora
133,367,2023-07-17,Fallido,10,Dispositivo bloqueado
134,104,2025-01-20,Bloqueado,6,Sin problema
134,421,2024-11-16,Exitoso,3,Limitado por hora
134,430,2022-10-17,Bloqueado,10,Sin problema
135,225,2024-09-20,Exitoso,1,Dispositivo bloqueado
135,429,2022-01-24,Exitoso,4,Contraseña incorrecta
136,284,2024-07-01,Bloqueado,4,Contraseña incorrecta
137,188,2022-09-21,Fallido,4,Limitado por hora
137,324,2025-01-11,Bloqueado,2,Sin problema
137,437,2022-10-02,Fallido,10,Limitado por hora
137,457,2022-05-13,Bloqueado,6,Sin problema
138,275,2025-10-03,Fallido,8,Limitado por hora
139,394,2023-02-19,Exitoso,6,Contraseña incorrecta
140,412,2022-10-19,Bloqueado,8,Limitado por hora
141,96,2024-11-27,Bloqueado,10,Sin problema
142,572,2023-04-18,Bloqueado,5,Dispositivo bloqueado
142,38,2022-09-25,Fallido,1,Contraseña incorrecta
143,569,2025-01-15,Bloqueado,10,Limitado por hora
143,289,2025-07-22,Bloqueado,4,Dispositivo bloqueado
143,313,2022-05-05,Bloqueado,6,Dispositivo bloqueado
144,2,2023-09-06,Bloqueado,6,Dispositivo bloqueado
144,184,2024-10-28,Fallido,7,Limitado por hora
145,444,2024-07-13,Fallido,4,Limitado por hora
145,419,2025-02-21,Bloqueado,2,Dispositivo bloqueado
145,351,2025-08-14,Exitoso,10,Contraseña incorrecta
146,90,2023-02-14,Bloqueado,4,Limitado por hora
146,209,2023-01-21,Exitoso,7,Dispositivo bloqueado
146,54,2024-12-01,Exitoso,10,Dispositivo bloqueado
147,294,2025-02-25,Bloqueado,1,Contraseña incorrecta
147,25,2024-12-02,Fallido,3,Limitado por hora
147,240,2024-01-01,Bloqueado,10,Sin problema
148,96,2023-10-09,Fallido,9,Limitado por hora
148,264,2025-12-14,Fallido,9,Contraseña incorrecta
149,82,2022-12-10,Exitoso,6,Contraseña incorrecta
149,523,2024-07-05,Exitoso,1,Sin problema
149,589,2022-04-08,Fallido,3,Dispositivo bloqueado
149,437,2024-02-03,Exitoso,2,Contraseña incorrecta
150,362,2024-04-10,Exitoso,5,Dispositivo bloqueado
150,225,2024-08-02,Fallido,3,Contraseña incorrecta
151,435,2024-05-07,Fallido,5,Dispositivo bloqueado
152,431,2024-10-11,Exitoso,4,Limitado por hora
152,50,2024-06-19,Exitoso,2,Sin problema
152,580,2024-02-07,Bloqueado,6,Limitado por hora
152,362,2023-04-24,Bloqueado,9,Contraseña incorrecta
153,464,2025-02-11,Fallido,4,Limitado por hora
153,96,2022-07-30,Fallido,2,Dispositivo bloqueado
153,414,2025-06-19,Exitoso,2,Limitado por hora
154,514,2025-02-21,Fallido,6,Sin problema
155,564,2025-04-22,Exitoso,9,Limitado por hora
155,143,2023-04-29,Bloqueado,4,Limitado por hora
155,531,2023-07-02,Exitoso,9,Limitado por hora
156,589,2024-01-16,Fallido,2,Dispositivo bloqueado
157,182,2022-08-06,Exitoso,1,Sin problema
157,265,2024-09-24,Bloqueado,2,Dispositivo bloqueado
157,46,2024-06-08,Bloqueado,6,Limitado por hora
157,529,2023-11-26,Bloqueado,1,Sin problema
158,455,2022-01-09,Bloqueado,7,Sin problema
158,310,2024-05-16,Exitoso,10,Sin problema
159,146,2024-07-30,Bloqueado,5,Contraseña incorrecta
160,483,2024-11-02,Exitoso,8,Limitado por hora
160,142,2023-05-01,Exitoso,5,Limitado por hora
161,96,2022-10-26,Fallido,1,Dispositivo bloqueado
162,161,2025-07-02,Exitoso,7,Limitado por hora
162,167,2023-04-24,Fallido,3,Sin problema
162,97,2023-04-21,Fallido,3,Sin problema
162,258,2024-11-09,Fallido,7,Contraseña incorrecta
163,151,2025-12-14,Bloqueado,9,Limitado por hora
164,515,2022-08-13,Exitoso,9,Sin problema
164,207,2022-09-03,Bloqueado,7,Dispositivo bloqueado
165,374,2025-04-23,Exitoso,4,Dispositivo bloqueado
165,517,2023-01-18,Bloqueado,7,Contraseña incorrecta
166,289,2024-07-03,Bloqueado,9,Contraseña incorrecta
166,305,2023-11-10,Bloqueado,10,Sin problema
166,534,2024-10-17,Bloqueado,2,Contraseña incorrecta
166,219,2025-03-09,Exitoso,8,Contraseña incorrecta
167,134,2025-02-07,Bloqueado,3,Contraseña incorrecta
167,188,2025-12-11,Bloqueado,8,Dispositivo bloqueado
168,95,2023-02-21,Bloqueado,8,Sin problema
168,382,2023-10-16,Fallido,5,Sin problema
168,344,2025-11-12,Fallido,8,Dispositivo bloqueado
169,197,2023-01-10,Fallido,2,Contraseña incorrecta
169,432,2025-06-22,Exitoso,8,Sin problema
169,162,2025-08-05,Fallido,10,Sin problema
170,108,2022-01-26,Bloqueado,8,Sin problema
170,484,2025-02-02,Fallido,9,Limitado por hora
170,508,2023-12-31,Bloqueado,4,Limitado por hora
171,1,2023-07-20,Fallido,5,Dispositivo bloqueado
172,289,2022-10-14,Fallido,6,Contraseña incorrecta
172,478,2023-03-16,Fallido,4,Contraseña incorrecta
172,407,2025-11-10,Bloqueado,6,Contraseña incorrecta
172,462,2022-10-29,Fallido,5,Dispositivo bloqueado
173,124,2022-12-01,Exitoso,7,Dispositivo bloqueado
173,75,2023-08-18,Bloqueado,4,Limitado por hora
173,167,2022-04-06,Exitoso,10,Sin problema
173,148,2023-12-10,Bloqueado,9,Dispositivo bloqueado
174,320,2022-04-15,Exitoso,10,Limitado por hora
174,18,2024-11-06,Bloqueado,6,Contraseña incorrecta
175,23,2024-06-10,Bloqueado,5,Sin problema
175,79,2023-02-25,Fallido,5,Limitado por hora
175,512,2025-02-14,Exitoso,7,Contraseña incorrecta
175,503,2024-02-18,Bloqueado,3,Dispositivo bloqueado
176,71,2022-01-13,Fallido,10,Contraseña incorrecta
176,115,2025-01-22,Exitoso,5,Dispositivo bloqueado
176,497,2025-06-01,Fallido,1,Dispositivo bloqueado
176,39,2025-11-12,Fallido,2,Dispositivo bloqueado
177,14,2024-04-17,Exitoso,4,Dispositivo bloqueado
177,430,2025-07-21,Exitoso,8,Sin problema
177,395,2022-06-04,Exitoso,6,Sin problema
178,102,2024-09-21,Exitoso,10,Dispositivo bloqueado
179,452,2022-11-02,Bloqueado,2,Limitado por hora
179,495,2023-06-21,Exitoso,9,Dispositivo bloqueado
180,592,2024-06-23,Fallido,4,Sin problema
180,121,2024-01-13,Bloqueado,5,Dispositivo bloqueado
180,66,2024-05-12,Fallido,4,Contraseña incorrecta
180,542,2022-09-25,Bloqueado,9,Contraseña incorrecta
181,473,2022-01-04,Exitoso,10,Limitado por hora
181,259,2022-08-04,Bloqueado,9,Limitado por hora
181,565,2022-10-09,Bloqueado,8,Dispositivo bloqueado
181,502,2022-07-16,Bloqueado,9,Limitado por hora
182,199,2022-04-17,Bloqueado,8,Dispositivo bloqueado
182,356,2024-08-27,Bloqueado,7,Sin problema
183,325,2025-02-09,Fallido,2,Contraseña incorrecta
183,7,2022-03-17,Bloqueado,10,Contraseña incorrecta
183,165,2022-12-03,Exitoso,7,Dispositivo bloqueado
183,412,2022-12-31,Exitoso,7,Limitado por hora
184,177,2025-06-15,Bloqueado,4,Limitado por hora
184,87,2025-04-27,Bloqueado,5,Sin problema
184,30,2023-01-07,Bloqueado,3,Limitado por hora
184,207,2024-11-12,Bloqueado,1,Contraseña incorrecta
185,320,2025-05-06,Bloqueado,3,Sin problema
185,237,2022-06-02,Fallido,2,Contraseña incorrecta
185,174,2024-06-01,Fallido,9,Sin problema
185,453,2024-08-05,Exitoso,10,Contraseña incorrecta
186,480,2024-12-23,Exitoso,7,Contraseña incorrecta
186,426,2024-12-23,Exitoso,3,Contraseña incorrecta
186,18,2023-10-29,Bloqueado,4,Contraseña incorrecta
187,142,2024-05-21,Exitoso,1,Sin problema
187,91,2025-01-09,Bloqueado,2,Contraseña incorrecta
187,251,2022-02-03,Fallido,4,Sin problema
188,146,2022-12-07,Exitoso,3,Dispositivo bloqueado
189,426,2023-12-19,Exitoso,2,Sin problema
189,80,2022-03-06,Fallido,5,Dispositivo bloqueado
190,49,2023-12-14,Bloqueado,1,Sin problema
190,591,2022-06-13,Exitoso,10,Limitado por hora
191,330,2024-10-30,Exitoso,9,Dispositivo bloqueado
192,86,2025-11-21,Exitoso,6,Sin problema
193,110,2022-12-06,Exitoso,6,Sin problema
193,78,2022-08-21,Exitoso,9,Limitado por hora
193,340,2022-05-03,Bloqueado,3,Limitado por hora
194,43,2023-02-04,Bloqueado,1,Limitado por hora
194,253,2025-02-16,Exitoso,8,Sin problema
194,292,2025-05-24,Exitoso,8,Sin problema
194,96,2022-03-06,Fallido,6,Sin problema
195,126,2023-06-08,Fallido,9,Sin problema
195,507,2023-10-14,Fallido,2,Sin problema
195,580,2023-12-17,Bloqueado,4,Dispositivo bloqueado
196,348,2025-05-05,Exitoso,3,Limitado por hora
196,344,2023-04-12,Fallido,3,Dispositivo bloqueado
197,58,2023-12-26,Exitoso,4,Contraseña incorrecta
197,316,2024-09-02,Fallido,1,Sin problema
197,496,2025-02-01,Exitoso,6,Limitado por hora
197,197,2025-08-17,Fallido,5,Sin problema
198,541,2023-11-09,Bloqueado,9,Sin problema
198,103,2025-01-21,Fallido,6,Limitado por hora
198,487,2022-06-23,Fallido,1,Limitado por hora
199,370,2024-08-25,Fallido,7,Contraseña incorrecta
199,473,2022-05-27,Exitoso,7,Sin problema
199,35,2023-08-07,Exitoso,1,Contraseña incorrecta
199,22,2024-08-26,Exitoso,6,Contraseña incorrecta
200,542,2022-10-22,Bloqueado,2,Dispositivo bloqueado
200,479,2025-01-03,Exitoso,1,Limitado por hora
200,575,2024-02-26,Exitoso,7,Sin problema
200,64,2024-12-02,Fallido,4,Dispositivo bloqueado
201,336,2023-10-07,Exitoso,8,Dispositivo bloqueado
201,538,2022-07-23,Fallido,5,Dispositivo bloqueado
201,243,2025-04-24,Fallido,5,Limitado por hora
201,173,2024-03-29,Fallido,3,Limitado por hora
202,353,2022-07-16,Bloqueado,9,Sin problema
202,234,2024-12-30,Exitoso,4,Dispositivo bloqueado
203,82,2023-10-16,Fallido,3,Contraseña incorrecta
203,474,2024-08-02,Fallido,8,Sin problema
203,195,2024-01-27,Bloqueado,10,Limitado por hora
204,402,2022-02-17,Exitoso,2,Contraseña incorrecta
205,120,2023-05-12,Bloqueado,8,Limitado por hora
206,554,2024-08-23,Bloqueado,10,Limitado por hora
207,586,2023-05-10,Exitoso,10,Sin problema
207,462,2024-08-24,Exitoso,6,Dispositivo bloqueado
208,54,2025-05-26,Bloqueado,1,Limitado por hora
209,340,2022-02-23,Bloqueado,5,Limitado por hora
209,394,2025-09-27,Fallido,1,Dispositivo bloqueado
210,427,2024-11-24,Bloqueado,1,Contraseña incorrecta
211,379,2022-11-17,Bloqueado,9,Limitado por hora
211,203,2024-07-31,Bloqueado,9,Dispositivo bloqueado
211,27,2024-06-24,Bloqueado,1,Dispositivo bloqueado
212,596,2022-02-24,Exitoso,5,Sin problema
213,107,2024-10-12,Fallido,3,Contraseña incorrecta
213,511,2025-03-13,Bloqueado,8,Contraseña incorrecta
213,33,2025-03-09,Exitoso,6,Contraseña incorrecta
213,200,2022-04-25,Exitoso,10,Contraseña incorrecta
214,128,2024-12-15,Fallido,5,Limitado por hora
214,21,2023-06-14,Bloqueado,6,Dispositivo bloqueado
214,47,2022-12-16,Exitoso,2,Contraseña incorrecta
215,301,2025-12-23,Fallido,8,Sin problema
215,353,2024-02-14,Fallido,1,Contraseña incorrecta
215,485,2022-07-22,Fallido,1,Sin problema
215,496,2023-06-10,Bloqueado,9,Contraseña incorrecta
216,447,2025-01-06,Exitoso,1,Sin problema
216,147,2022-03-12,Exitoso,2,Dispositivo bloqueado
217,415,2022-12-22,Exitoso,8,Limitado por hora
217,484,2025-03-18,Fallido,8,Dispositivo bloqueado
218,107,2024-11-01,Fallido,10,Limitado por hora
218,145,2024-01-23,Exitoso,1,Limitado por hora
218,478,2023-05-17,Fallido,6,Limitado por hora
218,597,2023-06-19,Bloqueado,3,Contraseña incorrecta
219,355,2022-08-10,Exitoso,1,Sin problema
220,525,2023-02-10,Exitoso,4,Dispositivo bloqueado
220,470,2022-05-26,Bloqueado,1,Contraseña incorrecta
220,420,2024-05-20,Bloqueado,2,Limitado por hora
221,520,2024-11-04,Exitoso,9,Contraseña incorrecta
221,477,2024-02-13,Exitoso,7,Sin problema
221,462,2022-06-08,Exitoso,6,Dispositivo bloqueado
222,462,2023-12-06,Bloqueado,5,Contraseña incorrecta
223,491,2025-01-01,Exitoso,7,Dispositivo bloqueado
224,561,2023-02-08,Fallido,5,Dispositivo bloqueado
225,282,2022-05-06,Exitoso,9,Dispositivo bloqueado
225,321,2025-04-30,Bloqueado,2,Sin problema
226,464,2022-08-10,Fallido,6,Limitado por hora
226,387,2025-10-28,Exitoso,6,Limitado por hora
226,596,2022-01-03,Exitoso,9,Sin problema
226,552,2024-05-18,Bloqueado,4,Contraseña incorrecta
227,10,2024-08-15,Bloqueado,4,Limitado por hora
228,297,2023-04-23,Fallido,1,Sin problema
228,126,2022-09-28,Fallido,10,Contraseña incorrecta
228,538,2025-06-01,Fallido,3,Contraseña incorrecta
229,586,2024-06-30,Fallido,2,Contraseña incorrecta
229,318,2024-12-31,Fallido,8,Limitado por hora
229,45,2022-07-17,Exitoso,2,Sin problema
230,135,2023-06-19,Fallido,4,Sin problema
230,127,2023-10-06,Fallido,2,Contraseña incorrecta
230,400,2023-11-19,Exitoso,3,Limitado por hora
230,120,2025-11-17,Exitoso,7,Dispositivo bloqueado
231,434,2024-06-12,Fallido,7,Dispositivo bloqueado
231,555,2023-05-28,Exitoso,5,Contraseña incorrecta
231,594,2022-06-21,Bloqueado,1,Contraseña incorrecta
231,454,2023-07-01,Bloqueado,8,Contraseña incorrecta
232,307,2024-01-14,Fallido,8,Sin problema
232,164,2022-06-11,Bloqueado,3,Dispositivo bloqueado
232,566,2024-07-01,Fallido,5,Sin problema
232,330,2023-12-22,Fallido,3,Sin problema
233,67,2025-11-25,Bloqueado,2,Contraseña incorrecta
233,597,2024-02-15,Bloqueado,4,Sin problema
234,514,2022-11-24,Bloqueado,8,Limitado por hora
234,498,2022-12-28,Exitoso,1,Limitado por hora
235,79,2023-03-18,Fallido,1,Contraseña incorrecta
236,417,2024-04-25,Bloqueado,10,Dispositivo bloqueado
236,295,2025-05-23,Exitoso,8,Contraseña incorrecta
237,488,2024-09-12,Fallido,5,Limitado por hora
237,193,2022-12-13,Fallido,6,Limitado por hora
237,118,2025-03-18,Fallido,6,Dispositivo bloqueado
237,580,2024-06-10,Bloqueado,5,Limitado por hora
238,468,2025-11-07,Fallido,1,Dispositivo bloqueado
238,71,2022-12-23,Bloqueado,2,Limitado por hora
239,114,2024-09-22,Exitoso,7,Dispositivo bloqueado
239,279,2023-09-27,Exitoso,9,Contraseña incorrecta
239,597,2024-02-15,Exitoso,3,Dispositivo bloqueado
239,505,2022-03-24,Exitoso,5,Contraseña incorrecta
240,330,2025-12-25,Fallido,8,Sin problema
240,170,2022-04-12,Exitoso,8,Contraseña incorrecta
240,91,2024-02-24,Bloqueado,1,Sin problema
241,575,2023-01-07,Fallido,3,Contraseña incorrecta
241,486,2025-07-31,Fallido,7,Limitado por hora
241,328,2023-02-10,Exitoso,10,Contraseña incorrecta
241,592,2022-07-27,Bloqueado,8,Dispositivo bloqueado
242,372,2024-10-25,Bloqueado,5,Sin problema
243,526,2023-01-11,Fallido,7,Dispositivo bloqueado
243,119,2022-05-17,Bloqueado,9,Sin problema
243,238,2023-07-07,Fallido,8,Sin problema
244,433,2022-08-08,Fallido,10,Contraseña incorrecta
245,503,2023-05-04,Bloqueado,2,Sin problema
245,406,2023-05-18,Fallido,1,Limitado por hora
245,173,2022-05-25,Bloqueado,6,Sin problema
246,141,2024-03-16,Exitoso,7,Contraseña incorrecta
246,315,2022-04-05,Fallido,5,Limitado por hora
247,520,2023-11-01,Bloqueado,1,Sin problema
247,488,2023-12-13,Exitoso,5,Sin problema
247,9,2022-05-28,Fallido,6,Dispositivo bloqueado
248,300,2025-04-27,Bloqueado,4,Dispositivo bloqueado
249,562,2022-08-24,Fallido,2,Contraseña incorrecta
249,484,2024-09-21,Exitoso,2,Dispositivo bloqueado
249,246,2023-02-01,Bloqueado,8,Contraseña incorrecta
249,552,2023-05-04,Bloqueado,3,Sin problema
250,247,2024-10-25,Bloqueado,2,Sin problema
250,567,2024-10-01,Fallido,1,Sin problema
251,259,2023-04-03,Exitoso,7,Contraseña incorrecta
251,550,2025-07-14,Fallido,4,Contraseña incorrecta
251,230,2025-09-14,Fallido,7,Sin problema
251,219,2023-10-17,Fallido,8,Contraseña incorrecta
252,281,2022-10-26,Fallido,8,Contraseña incorrecta
252,142,2022-11-19,Fallido,5,Limitado por hora
252,153,2024-10-24,Exitoso,4,Contraseña incorrecta
253,242,2022-11-21,Bloqueado,7,Sin problema
253,223,2023-01-05,Exitoso,3,Limitado por hora
253,339,2024-02-08,Exitoso,8,Dispositivo bloqueado
254,313,2025-10-28,Fallido,2,Limitado por hora
254,225,2022-02-21,Bloqueado,9,Sin problema
255,589,2025-12-24,Exitoso,5,Contraseña incorrecta
256,113,2022-12-16,Bloqueado,7,Contraseña incorrecta
256,365,2025-05-18,Fallido,6,Contraseña incorrecta
256,141,2024-11-16,Bloqueado,9,Contraseña incorrecta
257,32,2025-06-22,Exitoso,10,Limitado por hora
257,269,2025-06-19,Bloqueado,1,Sin problema
258,237,2024-04-14,Fallido,8,Dispositivo bloqueado
258,85,2023-07-19,Fallido,6,Dispositivo bloqueado
259,291,2023-07-14,Bloqueado,5,Contraseña incorrecta
259,475,2023-04-01,Fallido,3,Limitado por hora
259,576,2023-01-21,Exitoso,4,Contraseña incorrecta
260,546,2023-03-13,Exitoso,8,Dispositivo bloqueado
260,381,2025-11-13,Fallido,4,Limitado por hora
260,555,2023-11-28,Exitoso,4,Contraseña incorrecta
261,110,2024-03-08,Fallido,4,Sin problema
262,431,2023-06-01,Fallido,7,Limitado por hora
262,456,2023-12-22,Fallido,1,Dispositivo bloqueado
263,110,2024-09-07,Exitoso,6,Sin problema
263,553,2023-04-02,Exitoso,4,Contraseña incorrecta
263,375,2024-03-20,Exitoso,6,Dispositivo bloqueado
263,18,2022-09-08,Exitoso,6,Dispositivo bloqueado
264,57,2025-12-18,Bloqueado,4,Dispositivo bloqueado
265,80,2023-04-23,Fallido,4,Contraseña incorrecta
266,132,2022-09-28,Exitoso,2,Limitado por hora
267,554,2022-12-25,Exitoso,7,Sin problema
267,407,2025-01-08,Fallido,9,Limitado por hora
268,236,2022-01-02,Fallido,1,Limitado por hora
268,291,2025-01-18,Bloqueado,7,Contraseña incorrecta
268,522,2024-07-16,Fallido,7,Sin problema
268,590,2022-12-13,Bloqueado,10,Dispositivo bloqueado
269,89,2022-02-06,Exitoso,10,Dispositivo bloqueado
270,539,2023-01-25,Fallido,1,Contraseña incorrecta
270,150,2024-06-26,Fallido,4,Contraseña incorrecta
271,297,2024-10-22,Bloqueado,7,Contraseña incorrecta
271,129,2022-04-24,Bloqueado,2,Contraseña incorrecta
271,14,2024-03-22,Fallido,4,Contraseña incorrecta
271,176,2023-05-01,Bloqueado,7,Sin problema
272,572,2024-02-12,Fallido,5,Sin problema
273,348,2022-07-10,Bloqueado,7,Dispositivo bloqueado
274,423,2023-11-14,Bloqueado,3,Contraseña incorrecta
274,426,2024-02-07,Bloqueado,8,Contraseña incorrecta
274,443,2025-04-12,Exitoso,1,Sin problema
275,289,2024-07-21,Exitoso,4,Contraseña incorrecta
276,427,2022-03-24,Bloqueado,1,Dispositivo bloqueado
276,195,2025-02-27,Exitoso,4,Dispositivo bloqueado
277,252,2022-08-30,Exitoso,6,Contraseña incorrecta
277,576,2024-11-26,Bloqueado,10,Contraseña incorrecta
277,104,2022-11-26,Bloqueado,1,Dispositivo bloqueado
277,279,2022-11-27,Bloqueado,3,Contraseña incorrecta
278,128,2024-06-02,Exitoso,2,Sin problema
278,504,2022-10-31,Bloqueado,9,Contraseña incorrecta
278,545,2022-12-18,Exitoso,3,Sin problema
278,41,2022-07-19,Fallido,2,Sin problema
279,49,2025-05-12,Fallido,9,Dispositivo bloqueado
279,577,2024-09-14,Bloqueado,1,Dispositivo bloqueado
279,159,2025-12-03,Exitoso,10,Limitado por hora
279,469,2025-10-10,Fallido,7,Contraseña incorrecta
280,34,2022-04-14,Bloqueado,5,Dispositivo bloqueado
281,79,2025-05-07,Bloqueado,5,Contraseña incorrecta
281,138,2023-03-16,Fallido,6,Contraseña incorrecta
282,485,2022-06-12,Fallido,8,Contraseña incorrecta
282,355,2022-01-27,Fallido,7,Contraseña incorrecta
283,234,2022-09-18,Fallido,6,Sin problema
283,596,2025-09-18,Fallido,5,Dispositivo bloqueado
284,86,2024-10-11,Bloqueado,5,Contraseña incorrecta
284,426,2022-01-19,Exitoso,7,Sin problema
285,525,2024-08-29,Bloqueado,7,Contraseña incorrecta
285,32,2024-09-20,Exitoso,8,Contraseña incorrecta
285,156,2025-09-08,Fallido,8,Dispositivo bloqueado
285,559,2023-06-20,Bloqueado,4,Limitado por hora
286,122,2024-06-28,Exitoso,2,Contraseña incorrecta
286,526,2025-06-12,Bloqueado,9,Sin problema
287,148,2025-03-11,Fallido,8,Contraseña incorrecta
288,214,2023-04-21,Bloqueado,6,Limitado por hora
288,140,2023-03-15,Fallido,3,Contraseña incorrecta
289,299,2022-09-26,Exitoso,7,Dispositivo bloqueado
289,78,2022-02-04,Exitoso,5,Dispositivo bloqueado
290,197,2022-01-12,Fallido,7,Limitado por hora
290,346,2024-06-15,Fallido,7,Sin problema
291,111,2025-07-18,Bloqueado,3,Dispositivo bloqueado
291,128,2024-09-22,Fallido,4,Dispositivo bloqueado
291,177,2022-09-13,Exitoso,9,Dispositivo bloqueado
291,241,2025-06-17,Bloqueado,9,Contraseña incorrecta
292,255,2025-12-14,Exitoso,7,Limitado por hora
293,400,2024-06-03,Bloqueado,1,Contraseña incorrecta
293,402,2025-09-23,Bloqueado,9,Limitado por hora
293,299,2025-02-19,Fallido,2,Sin problema
294,435,2025-09-20,Bloqueado,7,Sin problema
294,151,2023-07-29,Fallido,7,Dispositivo bloqueado
294,600,2024-07-23,Fallido,7,Dispositivo bloqueado
294,439,2025-02-28,Exitoso,7,Dispositivo bloqueado
295,188,2025-01-31,Exitoso,8,Limitado por hora
296,421,2025-06-12,Fallido,9,Contraseña incorrecta
296,341,2023-08-19,Fallido,8,Limitado por hora
296,250,2023-08-27,Fallido,8,Contraseña incorrecta
297,49,2022-08-12,Exitoso,8,Limitado por hora
298,371,2022-11-23,Bloqueado,9,Sin problema
298,241,2024-09-20,Exitoso,5,Contraseña incorrecta
299,295,2024-05-09,Bloqueado,6,Contraseña incorrecta
300,163,2022-05-17,Bloqueado,8,Sin problema
300,346,2024-08-31,Exitoso,7,Limitado por hora
300,466,2025-03-18,Bloqueado,4,Sin problema
301,149,2022-04-11,Exitoso,1,Dispositivo bloqueado
302,206,2022-04-10,Fallido,8,Sin problema
302,29,2025-07-28,Exitoso,3,Sin problema
303,200,2023-01-05,Exitoso,9,Dispositivo bloqueado
303,64,2025-03-13,Bloqueado,6,Dispositivo bloqueado
303,347,2022-01-21,Fallido,3,Limitado por hora
304,571,2022-09-10,Exitoso,7,Contraseña incorrecta
305,548,2024-01-21,Fallido,5,Sin problema
306,399,2024-07-10,Bloqueado,7,Dispositivo bloqueado
306,444,2022-10-15,Bloqueado,10,Sin problema
306,432,2023-10-23,Exitoso,7,Dispositivo bloqueado
306,88,2022-09-29,Fallido,6,Dispositivo bloqueado
307,202,2024-09-15,Exitoso,5,Contraseña incorrecta
307,67,2023-09-14,Exitoso,6,Contraseña incorrecta
307,242,2025-02-10,Fallido,8,Limitado por hora
307,61,2022-02-25,Exitoso,10,Dispositivo bloqueado
308,355,2022-04-25,Fallido,10,Contraseña incorrecta
308,349,2025-07-05,Fallido,7,Contraseña incorrecta
308,212,2024-11-20,Bloqueado,2,Contraseña incorrecta
309,332,2023-09-01,Bloqueado,4,Contraseña incorrecta
309,441,2022-04-06,Fallido,3,Sin problema
310,506,2024-04-25,Exitoso,3,Sin problema
310,511,2022-03-07,Fallido,4,Limitado por hora
311,406,2024-05-08,Bloqueado,1,Contraseña incorrecta
311,93,2024-06-08,Bloqueado,8,Limitado por hora
312,460,2025-05-26,Exitoso,5,Limitado por hora
313,23,2022-04-01,Fallido,6,Contraseña incorrecta
313,67,2025-04-10,Bloqueado,5,Contraseña incorrecta
313,281,2023-07-04,Bloqueado,10,Sin problema
313,399,2022-06-24,Fallido,10,Sin problema
314,573,2024-06-17,Bloqueado,9,Contraseña incorrecta
314,427,2025-09-05,Exitoso,3,Dispositivo bloqueado
315,342,2024-07-01,Fallido,2,Dispositivo bloqueado
315,354,2025-07-20,Exitoso,9,Sin problema
315,445,2024-02-26,Exitoso,4,Limitado por hora
316,273,2022-01-28,Bloqueado,2,Limitado por hora
316,81,2024-05-02,Bloqueado,4,Sin problema
317,203,2023-05-24,Fallido,4,Dispositivo bloqueado
317,331,2022-12-20,Bloqueado,1,Dispositivo bloqueado
318,194,2022-12-31,Bloqueado,7,Dispositivo bloqueado
318,285,2023-07-01,Fallido,9,Sin problema
319,310,2025-04-13,Fallido,7,Sin problema
319,337,2022-11-20,Bloqueado,9,Limitado por hora
319,565,2022-08-21,Fallido,10,Sin problema
319,371,2024-04-25,Fallido,5,Sin problema
320,259,2025-03-15,Exitoso,8,Sin problema
320,434,2022-02-03,Bloqueado,9,Sin problema
320,143,2023-12-06,Fallido,1,Limitado por hora
320,32,2022-11-15,Bloqueado,10,Contraseña incorrecta
321,272,2025-01-31,Bloqueado,8,Sin problema
321,320,2024-09-01,Exitoso,7,Limitado por hora
322,402,2023-11-06,Exitoso,1,Sin problema
322,187,2022-08-20,Bloqueado,10,Limitado por hora
322,457,2025-11-22,Fallido,5,Limitado por hora
323,318,2025-11-13,Bloqueado,7,Sin problema
324,414,2023-11-30,Fallido,2,Contraseña incorrecta
325,447,2024-04-23,Exitoso,6,Limitado por hora
325,596,2023-12-12,Exitoso,3,Dispositivo bloqueado
325,69,2024-05-14,Exitoso,9,Sin problema
326,392,2022-08-12,Fallido,3,Contraseña incorrecta
326,539,2025-09-19,Fallido,8,Dispositivo bloqueado
327,499,2024-12-03,Fallido,2,Contraseña incorrecta
327,433,2024-12-16,Exitoso,10,Dispositivo bloqueado
327,553,2022-02-14,Bloqueado,5,Dispositivo bloqueado
327,386,2023-04-21,Fallido,9,Sin problema
328,138,2024-07-10,Exitoso,10,Sin problema
329,105,2023-07-01,Exitoso,2,Contraseña incorrecta
329,112,2023-01-05,Bloqueado,1,Dispositivo bloqueado
329,535,2024-10-25,Bloqueado,9,Dispositivo bloqueado
329,70,2025-04-09,Exitoso,7,Contraseña incorrecta
330,216,2022-07-05,Exitoso,5,Dispositivo bloqueado
330,435,2022-02-26,Fallido,9,Sin problema
330,524,2022-11-24,Bloqueado,6,Contraseña incorrecta
330,112,2025-04-22,Bloqueado,4,Dispositivo bloqueado
331,138,2022-12-07,Bloqueado,4,Sin problema
331,68,2023-09-30,Exitoso,4,Sin problema
332,372,2023-09-29,Fallido,10,Limitado por hora
333,264,2025-07-01,Bloqueado,10,Contraseña incorrecta
334,179,2022-02-05,Fallido,1,Dispositivo bloqueado
335,597,2023-12-02,Fallido,4,Contraseña incorrecta
335,527,2023-07-22,Fallido,2,Contraseña incorrecta
336,549,2024-07-27,Bloqueado,9,Dispositivo bloqueado
336,207,2022-06-07,Exitoso,8,Dispositivo bloqueado
337,270,2024-12-16,Fallido,7,Dispositivo bloqueado
338,453,2023-03-21,Exitoso,1,Contraseña incorrecta
338,54,2022-07-27,Bloqueado,9,Limitado por hora
339,429,2025-07-28,Bloqueado,9,Contraseña incorrecta
340,585,2022-10-30,Fallido,1,Sin problema
340,118,2024-02-12,Exitoso,9,Sin problema
341,426,2025-01-12,Exitoso,8,Contraseña incorrecta
342,532,2022-08-03,Bloqueado,8,Dispositivo bloqueado
342,33,2024-07-20,Fallido,3,Sin problema
343,442,2024-05-08,Fallido,1,Dispositivo bloqueado
344,371,2024-01-29,Exitoso,5,Sin problema
344,52,2022-11-04,Fallido,8,Sin problema
344,422,2022-05-21,Fallido,3,Limitado por hora
344,456,2023-10-13,Exitoso,10,Dispositivo bloqueado
345,216,2025-10-22,Exitoso,7,Sin problema
345,76,2025-01-10,Fallido,10,Sin problema
345,286,2022-12-19,Bloqueado,2,Dispositivo bloqueado
346,581,2023-05-10,Exitoso,1,Dispositivo bloqueado
346,282,2025-05-26,Exitoso,3,Dispositivo bloqueado
347,565,2025-07-03,Fallido,7,Sin problema
347,418,2024-04-21,Exitoso,2,Dispositivo bloqueado
347,475,2022-03-16,Bloqueado,1,Sin problema
347,21,2025-03-20,Exitoso,1,Limitado por hora
348,454,2025-02-03,Bloqueado,7,Limitado por hora
348,330,2024-01-06,Bloqueado,8,Sin problema
349,340,2024-09-15,Exitoso,10,Sin problema
349,196,2023-06-28,Exitoso,4,Limitado por hora
349,322,2022-05-28,Fallido,7,Limitado por hora
350,489,2022-11-01,Fallido,3,Dispositivo bloqueado
350,30,2024-03-26,Exitoso,6,Contraseña incorrecta
351,161,2022-08-29,Bloqueado,6,Sin problema
352,32,2025-05-25,Bloqueado,10,Sin problema
353,540,2023-01-08,Bloqueado,5,Limitado por hora
353,97,2023-03-23,Bloqueado,2,Sin problema
354,195,2023-10-31,Bloqueado,1,Limitado por hora
355,88,2022-04-27,Bloqueado,2,Contraseña incorrecta
355,60,2025-11-05,Fallido,6,Contraseña incorrecta
355,524,2024-09-01,Bloqueado,6,Limitado por hora
355,232,2024-12-04,Bloqueado,5,Dispositivo bloqueado
356,334,2023-07-19,Fallido,9,Sin problema
356,428,2024-02-26,Exitoso,4,Sin problema
357,196,2024-06-27,Exitoso,7,Contraseña incorrecta
358,353,2024-09-06,Exitoso,9,Sin problema
358,340,2022-05-11,Bloqueado,9,Sin problema
358,467,2024-10-10,Bloqueado,4,Contraseña incorrecta
358,438,2024-12-14,Exitoso,7,Sin problema
359,311,2024-03-23,Fallido,6,Dispositivo bloqueado
359,459,2023-12-19,Exitoso,2,Sin problema
359,45,2022-10-06,Fallido,7,Limitado por hora
360,188,2024-08-29,Fallido,8,Sin problema
360,280,2024-12-07,Bloqueado,2,Contraseña incorrecta
360,382,2023-12-18,Exitoso,10,Sin problema
361,354,2023-02-20,Bloqueado,8,Dispositivo bloqueado
361,283,2024-07-13,Fallido,1,Sin problema
361,342,2025-02-03,Bloqueado,7,Limitado por hora
361,539,2023-08-02,Bloqueado,3,Limitado por hora
362,370,2023-06-09,Fallido,3,Contraseña incorrecta
362,153,2023-07-16,Exitoso,3,Contraseña incorrecta
363,534,2025-04-10,Bloqueado,2,Contraseña incorrecta
364,595,2023-08-01,Exitoso,10,Limitado por hora
364,108,2023-10-03,Exitoso,2,Sin problema
365,253,2025-03-16,Fallido,2,Dispositivo bloqueado
365,134,2025-10-09,Bloqueado,10,Sin problema
366,583,2023-09-12,Exitoso,2,Limitado por hora
367,267,2025-07-01,Bloqueado,2,Contraseña incorrecta
367,522,2023-02-19,Exitoso,5,Dispositivo bloqueado
367,100,2022-08-18,Exitoso,10,Limitado por hora
367,463,2022-03-05,Bloqueado,3,Dispositivo bloqueado
368,76,2024-04-28,Bloqueado,10,Contraseña incorrecta
369,469,2025-08-11,Bloqueado,8,Limitado por hora
369,425,2022-10-20,Bloqueado,8,Dispositivo bloqueado
369,399,2024-06-22,Bloqueado,4,Sin problema
370,151,2022-08-30,Bloqueado,8,Contraseña incorrecta
370,76,2025-08-19,Bloqueado,3,Limitado por hora
370,29,2022-04-24,Fallido,9,Dispositivo bloqueado
370,403,2023-08-19,Exitoso,9,Limitado por hora
371,309,2024-01-20,Bloqueado,8,Limitado por hora
371,196,2025-10-16,Fallido,9,Limitado por hora
372,100,2022-06-28,Exitoso,4,Dispositivo bloqueado
372,296,2025-06-07,Exitoso,6,Limitado por hora
373,281,2023-10-17,Fallido,5,Dispositivo bloqueado
373,230,2022-09-03,Exitoso,3,Sin problema
373,383,2024-03-01,Exitoso,4,Limitado por hora
373,513,2023-01-16,Exitoso,4,Contraseña incorrecta
374,299,2024-05-31,Exitoso,9,Dispositivo bloqueado
375,453,2023-09-02,Exitoso,8,Contraseña incorrecta
375,295,2024-12-18,Exitoso,2,Limitado por hora
375,495,2022-07-29,Fallido,10,Sin problema
375,554,2023-06-05,Bloqueado,2,Dispositivo bloqueado
376,502,2024-07-14,Bloqueado,2,Sin problema
376,368,2022-11-29,Fallido,6,Sin problema
377,210,2024-05-21,Exitoso,4,Contraseña incorrecta
377,37,2023-09-15,Exitoso,7,Contraseña incorrecta
377,167,2022-12-16,Exitoso,7,Contraseña incorrecta
377,519,2022-07-15,Bloqueado,10,Limitado por hora
378,107,2022-06-18,Exitoso,1,Limitado por hora
379,431,2024-03-04,Exitoso,10,Limitado por hora
379,469,2022-08-13,Bloqueado,8,Limitado por hora
380,537,2022-05-18,Fallido,3,Limitado por hora
380,389,2024-09-29,Exitoso,5,Sin problema
380,444,2025-01-22,Exitoso,7,Dispositivo bloqueado
380,595,2024-10-06,Exitoso,1,Limitado por hora
381,166,2022-08-16,Exitoso,8,Sin problema
381,144,2022-06-24,Fallido,2,Limitado por hora
382,413,2022-11-11,Fallido,4,Sin problema
383,487,2023-02-21,Fallido,10,Contraseña incorrecta
383,568,2023-06-15,Exitoso,7,Limitado por hora
383,533,2024-04-28,Bloqueado,2,Limitado por hora
383,513,2023-07-27,Exitoso,6,Dispositivo bloqueado
384,116,2022-09-20,Exitoso,7,Sin problema
384,130,2024-02-13,Bloqueado,8,Contraseña incorrecta
384,482,2022-01-26,Exitoso,5,Dispositivo bloqueado
385,496,2022-07-27,Bloqueado,6,Contraseña incorrecta
385,505,2025-02-10,Exitoso,3,Dispositivo bloqueado
385,519,2023-04-24,Exitoso,10,Sin problema
385,504,2025-09-24,Bloqueado,4,Limitado por hora
386,273,2022-11-22,Exitoso,6,Sin problema
386,83,2022-10-01,Bloqueado,7,Sin problema
386,8,2025-04-18,Bloqueado,2,Contraseña incorrecta
386,541,2025-12-28,Exitoso,8,Limitado por hora
387,387,2025-09-10,Fallido,4,Contraseña incorrecta
387,503,2024-05-26,Bloqueado,8,Contraseña incorrecta
387,161,2024-05-13,Fallido,3,Limitado por hora
388,461,2024-06-25,Exitoso,1,Sin problema
388,269,2022-09-30,Exitoso,6,Contraseña incorrecta
388,498,2025-10-14,Bloqueado,5,Contraseña incorrecta
388,290,2022-03-18,Fallido,2,Limitado por hora
389,497,2024-03-31,Fallido,5,Limitado por hora
389,542,2025-11-28,Fallido,9,Limitado por hora
390,323,2024-02-26,Fallido,2,Contraseña incorrecta
391,24,2024-03-31,Fallido,7,Sin problema
392,508,2022-10-21,Bloqueado,5,Dispositivo bloqueado
392,121,2023-02-19,Bloqueado,6,Limitado por hora
393,54,2022-06-05,Bloqueado,5,Sin problema
394,568,2022-05-27,Exitoso,7,Dispositivo bloqueado
394,374,2025-11-07,Exitoso,4,Limitado por hora
394,223,2025-10-29,Exitoso,7,Contraseña incorrecta
394,233,2024-08-30,Fallido,1,Dispositivo bloqueado
395,215,2022-11-12,Exitoso,7,Sin problema
395,163,2024-09-13,Bloqueado,5,Limitado por hora
395,187,2023-08-04,Exitoso,7,Contraseña incorrecta
396,344,2025-05-03,Bloqueado,5,Dispositivo bloqueado
396,538,2024-09-16,Bloqueado,1,Contraseña incorrecta
396,219,2022-02-07,Fallido,2,Sin problema
396,337,2024-02-11,Fallido,1,Sin problema
397,461,2023-09-18,Exitoso,6,Limitado por hora
397,508,2025-06-04,Fallido,3,Dispositivo bloqueado
397,24,2025-07-20,Bloqueado,8,Dispositivo bloqueado
397,102,2023-10-10,Bloqueado,6,Sin problema
398,340,2024-10-04,Fallido,5,Dispositivo bloqueado
398,592,2024-02-10,Bloqueado,4,Contraseña incorrecta
398,99,2023-09-15,Bloqueado,2,Limitado por hora
398,319,2022-12-07,Fallido,1,Dispositivo bloqueado
399,411,2024-01-20,Fallido,6,Sin problema
399,77,2025-12-29,Fallido,1,Sin problema
400,142,2022-11-07,Fallido,6,Limitado por hora
400,505,2025-05-06,Bloqueado,3,Limitado por hora
401,138,2023-09-12,Exitoso,5,Sin problema
401,475,2025-01-17,Bloqueado,2,Dispositivo bloqueado
401,536,2025-10-19,Bloqueado,1,Limitado por hora
401,370,2025-08-23,Bloqueado,7,Sin problema
402,418,2025-06-09,Exitoso,2,Sin problema
402,597,2023-04-01,Bloqueado,7,Limitado por hora
402,372,2024-09-07,Fallido,2,Contraseña incorrecta
403,521,2024-08-27,Fallido,8,Sin problema
403,257,2023-07-01,Fallido,8,Sin problema
404,579,2023-08-31,Bloqueado,2,Contraseña incorrecta
404,54,2023-06-05,Exitoso,9,Sin problema
404,520,2024-04-15,Exitoso,9,Contraseña incorrecta
404,326,2025-12-05,Fallido,8,Sin problema
405,189,2024-08-14,Exitoso,10,Contraseña incorrecta
405,86,2025-05-04,Exitoso,3,Sin problema
405,155,2023-11-19,Bloqueado,10,Dispositivo bloqueado
406,344,2023-03-16,Bloqueado,3,Dispositivo bloqueado
406,123,2022-12-04,Fallido,7,Limitado por hora
407,47,2024-05-21,Bloqueado,6,Limitado por hora
407,423,2022-03-30,Bloqueado,1,Contraseña incorrecta
408,312,2022-05-21,Exitoso,2,Sin problema
408,135,2022-03-01,Exitoso,6,Sin problema
408,159,2024-02-09,Exitoso,6,Dispositivo bloqueado
409,155,2024-08-07,Bloqueado,8,Sin problema
409,280,2022-05-13,Exitoso,5,Dispositivo bloqueado
409,140,2024-12-03,Bloqueado,8,Limitado por hora
410,443,2024-11-04,Bloqueado,1,Sin problema
410,259,2025-07-02,Bloqueado,6,Contraseña incorrecta
410,390,2022-02-26,Fallido,2,Dispositivo bloqueado
411,394,2023-07-21,Exitoso,4,Limitado por hora
411,149,2025-02-19,Exitoso,2,Contraseña incorrecta
411,172,2023-03-04,Exitoso,5,Dispositivo bloqueado
412,235,2024-04-30,Fallido,9,Sin problema
412,180,2025-05-30,Fallido,6,Dispositivo bloqueado
412,558,2023-12-05,Bloqueado,10,Limitado por hora
412,338,2023-01-13,Fallido,6,Limitado por hora
413,59,2023-12-11,Fallido,3,Dispositivo bloqueado
414,198,2022-10-27,Bloqueado,1,Sin problema
414,96,2024-05-22,Exitoso,10,Limitado por hora
414,183,2025-06-13,Bloqueado,4,Dispositivo bloqueado
415,94,2023-02-03,Fallido,2,Dispositivo bloqueado
415,105,2022-01-18,Exitoso,4,Limitado por hora
415,265,2025-07-09,Bloqueado,10,Contraseña incorrecta
415,128,2022-11-04,Exitoso,10,Limitado por hora
416,38,2022-04-11,Bloqueado,8,Limitado por hora
416,336,2024-07-04,Exitoso,6,Dispositivo bloqueado
416,339,2024-02-29,Exitoso,4,Dispositivo bloqueado
416,509,2024-05-02,Fallido,7,Sin problema
417,346,2024-07-24,Bloqueado,6,Sin problema
417,594,2023-11-20,Exitoso,10,Sin problema
417,321,2025-05-06,Bloqueado,1,Dispositivo bloqueado
418,19,2023-03-17,Exitoso,7,Limitado por hora
418,138,2025-11-23,Fallido,2,Sin problema
418,239,2022-07-18,Fallido,4,Sin problema
418,522,2024-08-16,Exitoso,4,Contraseña incorrecta
419,167,2023-07-20,Fallido,8,Limitado por hora
420,431,2025-02-07,Bloqueado,9,Limitado por hora
420,6,2024-05-20,Fallido,2,Sin problema
420,521,2022-04-20,Bloqueado,2,Sin problema
420,482,2025-09-05,Exitoso,10,Limitado por hora
421,176,2022-12-27,Fallido,9,Dispositivo bloqueado
421,360,2022-08-25,Fallido,8,Sin problema
421,208,2023-06-13,Exitoso,5,Sin problema
421,450,2022-06-07,Bloqueado,1,Sin problema
422,351,2024-10-05,Bloqueado,1,Dispositivo bloqueado
422,547,2023-04-10,Bloqueado,4,Dispositivo bloqueado
423,251,2025-07-05,Fallido,5,Limitado por hora
423,384,2022-05-01,Fallido,4,Limitado por hora
423,572,2023-11-22,Exitoso,10,Contraseña incorrecta
424,210,2024-02-09,Bloqueado,4,Dispositivo bloqueado
424,82,2022-05-11,Fallido,3,Dispositivo bloqueado
424,429,2023-07-05,Exitoso,7,Dispositivo bloqueado
424,51,2024-06-02,Fallido,4,Contraseña incorrecta
425,354,2023-08-28,Exitoso,7,Limitado por hora
426,103,2023-07-20,Bloqueado,3,Limitado por hora
426,572,2022-12-28,Fallido,3,Dispositivo bloqueado
426,417,2023-05-20,Bloqueado,4,Sin problema
427,596,2025-07-22,Exitoso,3,Dispositivo bloqueado
428,94,2024-08-29,Fallido,2,Dispositivo bloqueado
429,197,2024-05-28,Fallido,4,Sin problema
429,496,2023-08-19,Exitoso,2,Sin problema
429,351,2022-09-28,Exitoso,10,Contraseña incorrecta
430,244,2024-05-09,Exitoso,10,Limitado por hora
430,41,2024-08-20,Exitoso,10,Dispositivo bloqueado
430,373,2022-07-25,Exitoso,2,Sin problema
430,247,2025-07-14,Bloqueado,9,Limitado por hora
431,200,2023-11-13,Bloqueado,5,Sin problema
431,145,2023-04-07,Exitoso,8,Dispositivo bloqueado
431,388,2024-07-09,Fallido,6,Contraseña incorrecta
431,477,2024-09-29,Exitoso,10,Limitado por hora
432,160,2022-10-07,Fallido,7,Contraseña incorrecta
432,521,2024-01-16,Exitoso,7,Sin problema
432,204,2022-08-13,Exitoso,2,Sin problema
433,272,2022-09-29,Bloqueado,4,Sin problema
433,320,2023-11-10,Fallido,1,Contraseña incorrecta
433,142,2024-09-03,Bloqueado,5,Sin problema
434,261,2024-06-06,Fallido,3,Contraseña incorrecta
434,373,2024-01-28,Bloqueado,3,Contraseña incorrecta
434,512,2022-06-01,Bloqueado,3,Sin problema
435,310,2023-07-17,Exitoso,2,Dispositivo bloqueado
435,531,2024-02-28,Exitoso,10,Limitado por hora
435,521,2023-01-23,Exitoso,9,Dispositivo bloqueado
435,331,2023-01-30,Bloqueado,2,Contraseña incorrecta
436,445,2024-06-07,Exitoso,5,Sin problema
437,594,2025-02-15,Bloqueado,4,Limitado por hora
438,43,2022-05-16,Fallido,3,Sin problema
438,377,2025-11-22,Exitoso,9,Dispositivo bloqueado
438,478,2023-08-03,Fallido,1,Sin problema
438,62,2023-10-13,Fallido,4,Sin problema
439,131,2022-12-01,Bloqueado,7,Dispositivo bloqueado
439,598,2023-01-16,Exitoso,3,Limitado por hora
440,305,2025-07-23,Fallido,6,Sin problema
440,228,2024-10-28,Bloqueado,4,Dispositivo bloqueado
441,435,2025-08-31,Fallido,10,Dispositivo bloqueado
441,188,2025-12-25,Exitoso,3,Dispositivo bloqueado
441,205,2024-08-26,Fallido,5,Contraseña incorrecta
441,162,2025-08-04,Fallido,8,Sin problema
442,295,2025-01-28,Fallido,4,Dispositivo bloqueado
442,125,2023-08-11,Fallido,5,Limitado por hora
442,138,2024-03-09,Exitoso,6,Dispositivo bloqueado
442,235,2024-10-27,Fallido,6,Dispositivo bloqueado
443,586,2025-04-22,Exitoso,9,Sin problema
443,226,2023-07-03,Fallido,8,Dispositivo bloqueado
443,281,2025-06-17,Bloqueado,6,Dispositivo bloqueado
444,108,2022-09-11,Exitoso,4,Sin problema
444,546,2023-03-02,Exitoso,2,Contraseña incorrecta
445,438,2022-07-27,Bloqueado,8,Limitado por hora
446,366,2022-07-07,Bloqueado,8,Contraseña incorrecta
446,103,2025-08-02,Exitoso,3,Contraseña incorrecta
447,97,2022-10-21,Fallido,6,Contraseña incorrecta
447,513,2022-07-15,Exitoso,1,Limitado por hora
448,560,2025-01-28,Bloqueado,9,Limitado por hora
448,78,2022-01-20,Fallido,5,Dispositivo bloqueado
448,38,2023-07-16,Exitoso,9,Sin problema
449,555,2024-02-19,Fallido,7,Dispositivo bloqueado
450,323,2023-03-04,Bloqueado,4,Limitado por hora
451,150,2023-05-10,Exitoso,10,Contraseña incorrecta
451,395,2023-07-20,Fallido,10,Dispositivo bloqueado
452,582,2025-10-24,Fallido,7,Dispositivo bloqueado
452,577,2022-10-21,Exitoso,6,Dispositivo bloqueado
452,536,2025-02-15,Bloqueado,6,Sin problema
453,218,2022-11-04,Fallido,8,Sin problema
453,419,2023-01-14,Bloqueado,10,Sin problema
453,493,2024-09-03,Exitoso,7,Contraseña incorrecta
453,374,2023-01-17,Exitoso,3,Sin problema
454,428,2022-10-27,Fallido,3,Dispositivo bloqueado
454,35,2024-09-24,Exitoso,2,Contraseña incorrecta
454,39,2022-01-26,Bloqueado,5,Sin problema
454,488,2024-01-19,Bloqueado,9,Contraseña incorrecta
455,150,2024-09-07,Exitoso,5,Dispositivo bloqueado
455,230,2022-05-10,Fallido,9,Dispositivo bloqueado
456,518,2025-09-16,Fallido,4,Dispositivo bloqueado
456,55,2023-12-21,Exitoso,9,Limitado por hora
456,491,2025-11-21,Fallido,8,Limitado por hora
456,13,2025-10-16,Exitoso,8,Contraseña incorrecta
457,580,2024-04-09,Fallido,3,Sin problema
457,208,2024-04-17,Fallido,2,Dispositivo bloqueado
457,414,2024-01-27,Exitoso,2,Contraseña incorrecta
457,198,2023-11-21,Fallido,9,Contraseña incorrecta
458,202,2025-08-03,Bloqueado,5,Limitado por hora
458,38,2025-01-15,Exitoso,5,Sin problema
459,156,2024-02-10,Exitoso,10,Dispositivo bloqueado
459,238,2024-03-22,Fallido,5,Sin problema
459,278,2025-01-08,Fallido,8,Limitado por hora
459,301,2023-11-25,Bloqueado,10,Dispositivo bloqueado
460,514,2025-01-03,Exitoso,7,Sin problema
461,198,2022-12-07,Exitoso,8,Limitado por hora
462,300,2024-12-14,Exitoso,8,Dispositivo bloqueado
462,364,2022-09-23,Fallido,4,Sin problema
462,187,2023-12-21,Fallido,3,Dispositivo bloqueado
463,29,2023-01-30,Exitoso,9,Limitado por hora
464,488,2024-04-18,Exitoso,3,Limitado por hora
464,531,2024-08-28,Exitoso,4,Contraseña incorrecta
465,117,2025-08-11,Fallido,9,Contraseña incorrecta
465,414,2023-03-03,Exitoso,4,Contraseña incorrecta
466,538,2024-05-28,Fallido,5,Contraseña incorrecta
466,394,2022-02-16,Fallido,9,Contraseña incorrecta
466,248,2024-03-14,Exitoso,9,Sin problema
467,325,2022-01-14,Fallido,1,Dispositivo bloqueado
467,476,2022-05-14,Bloqueado,9,Sin problema
467,400,2025-10-11,Bloqueado,6,Sin problema
467,239,2022-06-22,Bloqueado,2,Dispositivo bloqueado
468,579,2024-04-12,Fallido,4,Sin problema
468,458,2023-06-02,Fallido,9,Limitado por hora
469,552,2024-02-13,Fallido,7,Sin problema
469,63,2024-07-22,Bloqueado,2,Contraseña incorrecta
470,468,2025-05-16,Fallido,10,Sin problema
470,483,2024-05-19,Fallido,6,Contraseña incorrecta
470,226,2025-05-12,Exitoso,7,Contraseña incorrecta
470,495,2022-03-12,Fallido,10,Sin problema
471,122,2024-12-04,Fallido,7,Contraseña incorrecta
471,244,2023-05-01,Exitoso,9,Contraseña incorrecta
471,113,2024-04-02,Fallido,3,Sin problema
472,241,2024-07-15,Exitoso,5,Limitado por hora
473,599,2025-09-19,Fallido,2,Dispositivo bloqueado
474,201,2022-04-18,Fallido,5,Dispositivo bloqueado
475,151,2025-05-12,Exitoso,1,Contraseña incorrecta
475,360,2025-06-11,Exitoso,1,Dispositivo bloqueado
475,490,2025-08-17,Exitoso,9,Contraseña incorrecta
476,159,2024-05-01,Exitoso,1,Contraseña incorrecta
476,56,2024-10-14,Bloqueado,4,Limitado por hora
477,420,2023-06-17,Exitoso,10,Dispositivo bloqueado
478,104,2022-10-28,Bloqueado,6,Limitado por hora
478,549,2025-09-21,Bloqueado,2,Contraseña incorrecta
478,194,2023-01-24,Exitoso,7,Sin problema
478,204,2022-04-16,Bloqueado,10,Contraseña incorrecta
479,413,2023-05-08,Bloqueado,2,Sin problema
479,299,2022-02-14,Exitoso,2,Dispositivo bloqueado
479,215,2022-04-13,Bloqueado,1,Dispositivo bloqueado
480,165,2024-07-29,Fallido,2,Limitado por hora
481,559,2022-07-27,Exitoso,9,Contraseña incorrecta
481,252,2022-09-28,Exitoso,5,Dispositivo bloqueado
481,263,2022-10-09,Bloqueado,3,Contraseña incorrecta
481,88,2024-09-04,Bloqueado,8,Sin problema
482,182,2022-08-17,Bloqueado,5,Contraseña incorrecta
482,487,2024-04-30,Fallido,7,Dispositivo bloqueado
482,449,2022-02-14,Fallido,7,Contraseña incorrecta
482,70,2025-11-12,Fallido,2,Limitado por hora
483,321,2022-04-23,Bloqueado,3,Sin problema
483,291,2023-01-19,Exitoso,1,Limitado por hora
484,125,2023-06-24,Exitoso,1,Limitado por hora
485,330,2023-11-23,Bloqueado,3,Sin problema
485,26,2025-10-30,Bloqueado,5,Sin problema
485,131,2023-07-08,Fallido,6,Sin problema
486,100,2025-05-06,Fallido,7,Dispositivo bloqueado
486,254,2024-08-09,Exitoso,10,Contraseña incorrecta
486,224,2024-11-13,Bloqueado,8,Contraseña incorrecta
486,188,2025-07-04,Exitoso,3,Contraseña incorrecta
487,452,2024-06-19,Exitoso,10,Dispositivo bloqueado
487,209,2023-09-03,Exitoso,6,Sin problema
487,509,2022-05-03,Exitoso,4,Dispositivo bloqueado
487,513,2024-12-28,Exitoso,3,Sin problema
488,384,2023-12-19,Exitoso,5,Contraseña incorrecta
488,2,2024-10-31,Fallido,2,Contraseña incorrecta
488,14,2022-07-29,Fallido,2,Sin problema
489,71,2022-08-01,Bloqueado,3,Sin problema
489,134,2024-02-28,Exitoso,1,Sin problema
489,436,2025-11-13,Exitoso,1,Contraseña incorrecta
490,483,2023-07-02,Fallido,10,Limitado por hora
490,450,2024-11-13,Exitoso,4,Dispositivo bloqueado
490,586,2023-02-03,Exitoso,7,Contraseña incorrecta
490,221,2025-11-25,Fallido,9,Contraseña incorrecta
491,372,2024-06-23,Fallido,10,Sin problema
491,555,2023-12-01,Fallido,5,Limitado por hora
491,86,2024-10-02,Fallido,2,Dispositivo bloqueado
492,420,2023-08-21,Bloqueado,10,Limitado por hora
492,259,2023-04-28,Exitoso,3,Dispositivo bloqueado
492,402,2025-04-17,Fallido,4,Sin problema
493,334,2024-12-27,Bloqueado,10,Limitado por hora
494,202,2025-12-11,Bloqueado,3,Limitado por hora
495,258,2023-02-06,Exitoso,10,Contraseña incorrecta
495,442,2022-11-19,Exitoso,5,Contraseña incorrecta
496,21,2022-08-17,Fallido,3,Sin problema
496,462,2023-03-01,Bloqueado,2,Sin problema
496,70,2025-09-11,Bloqueado,10,Limitado por hora
497,211,2025-11-23,Bloqueado,3,Dispositivo bloqueado
497,489,2022-07-21,Fallido,3,Dispositivo bloqueado
498,487,2023-04-25,Bloqueado,1,Contraseña incorrecta
498,106,2024-03-05,Bloqueado,8,Contraseña incorrecta
498,533,2022-07-29,Bloqueado,9,Dispositivo bloqueado
498,547,2023-05-28,Exitoso,8,Contraseña incorrecta
499,235,2022-06-19,Bloqueado,1,Dispositivo bloqueado
499,459,2025-12-05,Exitoso,5,Limitado por hora
499,529,2025-12-22,Fallido,8,Dispositivo bloqueado
500,63,2022-07-10,Fallido,5,Contraseña incorrecta
500,137,2025-09-16,Bloqueado,8,Sin problema
500,377,2024-02-06,Fallido,8,Contraseña incorrecta
500,36,2022-04-07,Bloqueado,6,Contraseña incorrecta
501,563,2024-12-10,Bloqueado,10,Sin problema
501,568,2025-03-26,Fallido,5,Contraseña incorrecta
501,321,2023-05-19,Bloqueado,3,Sin problema
501,105,2025-01-09,Fallido,8,Limitado por hora
502,82,2022-12-02,Bloqueado,5,Dispositivo bloqueado
502,79,2022-05-23,Fallido,4,Sin problema
502,111,2022-11-03,Bloqueado,8,Sin problema
502,456,2023-02-01,Fallido,7,Contraseña incorrecta
503,420,2025-08-15,Exitoso,8,Contraseña incorrecta
504,286,2024-07-19,Exitoso,10,Limitado por hora
504,482,2023-06-17,Fallido,1,Limitado por hora
504,67,2024-06-03,Exitoso,4,Contraseña incorrecta
505,137,2024-06-09,Bloqueado,6,Dispositivo bloqueado
505,341,2025-11-17,Bloqueado,8,Dispositivo bloqueado
505,455,2024-04-15,Bloqueado,9,Sin problema
506,167,2022-01-16,Exitoso,6,Limitado por hora
507,325,2023-12-10,Exitoso,1,Dispositivo bloqueado
507,21,2024-09-14,Bloqueado,5,Contraseña incorrecta
507,209,2024-12-23,Fallido,3,Limitado por hora
508,487,2025-08-31,Fallido,10,Contraseña incorrecta
509,361,2025-06-22,Bloqueado,3,Dispositivo bloqueado
509,172,2023-02-04,Bloqueado,5,Dispositivo bloqueado
510,253,2025-11-10,Exitoso,9,Sin problema
510,100,2024-08-23,Exitoso,1,Limitado por hora
511,499,2024-12-11,Exitoso,2,Limitado por hora
511,535,2025-04-18,Exitoso,9,Contraseña incorrecta
512,267,2023-01-27,Fallido,6,Limitado por hora
512,80,2022-10-01,Bloqueado,5,Sin problema
512,224,2024-11-04,Fallido,1,Dispositivo bloqueado
513,7,2023-05-31,Bloqueado,2,Contraseña incorrecta
513,117,2025-01-25,Bloqueado,8,Contraseña incorrecta
513,133,2023-04-23,Bloqueado,4,Dispositivo bloqueado
513,105,2025-03-07,Fallido,1,Limitado por hora
514,194,2023-05-20,Fallido,5,Sin problema
514,373,2025-03-06,Bloqueado,4,Contraseña incorrecta
515,202,2023-03-07,Fallido,9,Limitado por hora
515,210,2025-10-01,Bloqueado,4,Dispositivo bloqueado
516,335,2025-01-30,Exitoso,10,Dispositivo bloqueado
517,290,2024-11-25,Bloqueado,1,Dispositivo bloqueado
518,69,2023-12-18,Fallido,7,Limitado por hora
518,281,2024-04-06,Fallido,3,Contraseña incorrecta
518,474,2023-02-12,Exitoso,1,Limitado por hora
519,401,2023-08-24,Fallido,1,Dispositivo bloqueado
519,537,2024-09-07,Exitoso,5,Contraseña incorrecta
520,278,2025-09-30,Bloqueado,10,Sin problema
521,299,2025-07-13,Fallido,8,Limitado por hora
521,220,2023-02-05,Bloqueado,8,Limitado por hora
522,523,2022-02-08,Fallido,8,Sin problema
522,117,2023-05-15,Exitoso,4,Limitado por hora
523,12,2023-07-08,Bloqueado,2,Sin problema
523,505,2025-05-03,Bloqueado,8,Sin problema
523,340,2024-07-21,Bloqueado,8,Contraseña incorrecta
523,103,2022-02-11,Bloqueado,1,Contraseña incorrecta
524,72,2023-04-13,Fallido,3,Contraseña incorrecta
524,326,2024-01-23,Fallido,9,Dispositivo bloqueado
524,74,2025-02-28,Exitoso,4,Contraseña incorrecta
524,132,2022-10-02,Exitoso,2,Contraseña incorrecta
525,70,2025-02-10,Fallido,7,Sin problema
525,484,2022-01-30,Bloqueado,5,Sin problema
525,596,2023-10-22,Fallido,3,Dispositivo bloqueado
525,91,2024-04-21,Bloqueado,6,Dispositivo bloqueado
526,214,2024-03-09,Bloqueado,9,Sin problema
526,40,2023-12-17,Exitoso,5,Sin problema
526,373,2023-03-31,Fallido,8,Dispositivo bloqueado
527,218,2022-03-27,Bloqueado,9,Sin problema
527,52,2024-08-22,Bloqueado,10,Contraseña incorrecta
528,363,2024-04-11,Fallido,2,Contraseña incorrecta
528,28,2024-08-19,Bloqueado,3,Limitado por hora
528,466,2023-09-08,Bloqueado,6,Contraseña incorrecta
529,385,2022-09-27,Fallido,10,Sin problema
529,452,2025-01-31,Exitoso,3,Limitado por hora
530,325,2023-01-16,Exitoso,8,Contraseña incorrecta
531,166,2022-10-13,Fallido,4,Limitado por hora
531,115,2024-08-16,Exitoso,7,Sin problema
531,198,2025-01-28,Exitoso,6,Sin problema
531,505,2024-11-04,Exitoso,1,Dispositivo bloqueado
532,306,2025-08-11,Fallido,1,Contraseña incorrecta
532,322,2024-07-18,Bloqueado,9,Contraseña incorrecta
533,319,2022-12-31,Exitoso,2,Contraseña incorrecta
533,347,2024-08-27,Bloqueado,7,Sin problema
533,318,2023-06-21,Fallido,1,Sin problema
534,469,2025-04-11,Bloqueado,8,Dispositivo bloqueado
534,226,2022-06-19,Fallido,3,Contraseña incorrecta
534,497,2025-12-26,Bloqueado,2,Sin problema
535,478,2023-09-17,Fallido,6,Dispositivo bloqueado
536,416,2024-01-27,Exitoso,1,Contraseña incorrecta
537,27,2024-05-17,Bloqueado,7,Dispositivo bloqueado
538,194,2022-11-17,Exitoso,5,Contraseña incorrecta
538,23,2025-08-07,Fallido,3,Contraseña incorrecta
539,477,2022-01-20,Fallido,3,Dispositivo bloqueado
539,514,2023-10-10,Exitoso,2,Contraseña incorrecta
539,414,2024-09-15,Exitoso,5,Dispositivo bloqueado
540,575,2025-06-14,Exitoso,3,Sin problema
541,541,2023-10-12,Bloqueado,9,Limitado por hora
542,149,2022-05-13,Bloqueado,4,Contraseña incorrecta
542,393,2025-05-26,Fallido,5,Limitado por hora
542,314,2023-03-26,Exitoso,1,Contraseña incorrecta
543,138,2022-02-25,Bloqueado,8,Limitado por hora
544,533,2023-03-15,Bloqueado,6,Limitado por hora
544,117,2025-08-11,Bloqueado,8,Limitado por hora
544,140,2022-01-27,Bloqueado,10,Contraseña incorrecta
545,593,2025-03-27,Fallido,10,Contraseña incorrecta
545,257,2025-02-13,Exitoso,3,Dispositivo bloqueado
545,533,2022-02-03,Fallido,5,Contraseña incorrecta
545,412,2024-10-26,Bloqueado,1,Sin problema
546,361,2022-05-05,Exitoso,8,Limitado por hora
546,357,2023-07-23,Fallido,6,Sin problema
546,226,2025-08-13,Exitoso,7,Sin problema
546,367,2024-07-26,Exitoso,7,Limitado por hora
547,15,2025-10-03,Bloqueado,7,Sin problema
547,119,2022-12-26,Exitoso,1,Contraseña incorrecta
547,580,2022-02-12,Bloqueado,2,Limitado por hora
548,315,2024-06-26,Fallido,6,Dispositivo bloqueado
549,296,2022-03-19,Bloqueado,9,Dispositivo bloqueado
549,12,2023-02-08,Fallido,3,Sin problema
549,588,2023-02-24,Exitoso,5,Sin problema
550,533,2025-08-30,Fallido,9,Contraseña incorrecta
551,18,2025-12-31,Bloqueado,5,Limitado por hora
551,161,2022-04-25,Bloqueado,8,Contraseña incorrecta
551,564,2023-09-17,Exitoso,3,Contraseña incorrecta
551,103,2024-01-21,Fallido,4,Dispositivo bloqueado
552,498,2024-05-11,Bloqueado,3,Dispositivo bloqueado
552,132,2023-05-15,Bloqueado,2,Dispositivo bloqueado
553,485,2023-09-21,Exitoso,3,Dispositivo bloqueado
553,334,2024-07-05,Fallido,6,Contraseña incorrecta
553,542,2023-04-15,Fallido,1,Limitado por hora
554,259,2022-05-28,Exitoso,10,Sin problema
554,483,2025-08-03,Fallido,5,Contraseña incorrecta
554,131,2025-03-15,Fallido,10,Contraseña incorrecta
555,191,2022-10-08,Exitoso,2,Contraseña incorrecta
556,464,2025-09-06,Exitoso,4,Contraseña incorrecta
556,142,2024-12-11,Bloqueado,9,Limitado por hora
557,186,2025-10-14,Bloqueado,7,Sin problema
558,361,2022-10-12,Exitoso,7,Sin problema
559,537,2023-08-12,Exitoso,1,Limitado por hora
560,486,2025-11-07,Bloqueado,8,Dispositivo bloqueado
560,193,2022-10-13,Exitoso,9,Limitado por hora
560,197,2025-09-23,Bloqueado,8,Limitado por hora
560,211,2024-04-05,Bloqueado,5,Contraseña incorrecta
561,453,2025-01-24,Fallido,8,Contraseña incorrecta
562,528,2025-09-23,Exitoso,5,Contraseña incorrecta
562,406,2025-05-17,Exitoso,8,Dispositivo bloqueado
563,218,2025-02-09,Exitoso,9,Limitado por hora
563,91,2025-04-05,Exitoso,9,Sin problema
564,486,2023-09-06,Fallido,6,Contraseña incorrecta
565,328,2025-07-30,Exitoso,8,Sin problema
565,25,2023-05-30,Exitoso,1,Contraseña incorrecta
565,206,2023-03-25,Fallido,3,Limitado por hora
565,294,2022-06-11,Exitoso,7,Contraseña incorrecta
566,483,2025-08-28,Exitoso,4,Contraseña incorrecta
566,73,2025-10-04,Exitoso,7,Dispositivo bloqueado
566,596,2022-02-12,Exitoso,7,Dispositivo bloqueado
566,462,2022-06-04,Fallido,9,Limitado por hora
567,227,2022-05-28,Bloqueado,1,Sin problema
567,40,2022-06-20,Bloqueado,6,Dispositivo bloqueado
568,12,2024-02-07,Fallido,5,Dispositivo bloqueado
568,529,2024-09-22,Exitoso,4,Sin problema
568,509,2022-07-19,Fallido,5,Limitado por hora
569,23,2024-08-29,Bloqueado,3,Contraseña incorrecta
569,146,2024-12-13,Fallido,4,Contraseña incorrecta
569,496,2023-05-24,Fallido,3,Contraseña incorrecta
570,339,2024-06-29,Fallido,3,Sin problema
571,171,2024-03-01,Fallido,10,Contraseña incorrecta
571,126,2024-12-27,Bloqueado,6,Dispositivo bloqueado
571,178,2025-12-11,Bloqueado,2,Limitado por hora
571,146,2024-01-27,Exitoso,10,Dispositivo bloqueado
572,219,2025-04-04,Fallido,9,Limitado por hora
572,289,2023-01-16,Exitoso,5,Contraseña incorrecta
572,300,2025-04-14,Exitoso,10,Contraseña incorrecta
572,261,2022-10-19,Fallido,10,Contraseña incorrecta
573,227,2023-09-21,Fallido,5,Contraseña incorrecta
573,7,2023-05-30,Exitoso,1,Dispositivo bloqueado
573,316,2023-11-22,Bloqueado,9,Limitado por hora
573,12,2022-05-24,Bloqueado,4,Limitado por hora
574,174,2025-02-02,Fallido,8,Dispositivo bloqueado
574,445,2024-04-07,Bloqueado,9,Sin problema
574,504,2023-02-03,Fallido,6,Limitado por hora
574,128,2022-02-17,Fallido,2,Limitado por hora
575,419,2023-12-22,Fallido,1,Contraseña incorrecta
576,311,2024-09-02,Exitoso,3,Contraseña incorrecta
576,79,2023-06-20,Fallido,5,Contraseña incorrecta
576,48,2022-11-07,Exitoso,8,Limitado por hora
576,367,2024-09-25,Bloqueado,7,Limitado por hora
577,358,2024-12-05,Exitoso,4,Dispositivo bloqueado
577,234,2023-08-30,Bloqueado,5,Limitado por hora
577,453,2024-02-18,Bloqueado,3,Contraseña incorrecta
577,407,2025-12-17,Bloqueado,10,Limitado por hora
578,254,2024-07-03,Bloqueado,7,Sin problema
578,187,2022-01-11,Fallido,6,Limitado por hora
578,509,2024-04-19,Fallido,5,Sin problema
578,259,2025-06-22,Fallido,1,Limitado por hora
579,358,2022-06-24,Bloqueado,10,Sin problema
579,89,2023-12-12,Bloqueado,6,Limitado por hora
580,182,2025-06-16,Exitoso,8,Sin problema
580,195,2024-04-09,Exitoso,5,Sin problema
580,273,2024-06-06,Fallido,8,Contraseña incorrecta
581,570,2023-04-30,Bloqueado,6,Sin problema
581,155,2025-07-04,Fallido,9,Limitado por hora
582,395,2023-02-18,Bloqueado,2,Dispositivo bloqueado
582,92,2023-04-13,Fallido,1,Contraseña incorrecta
583,537,2023-10-04,Exitoso,5,Sin problema
583,181,2022-02-02,Exitoso,2,Sin problema
583,395,2024-10-08,Fallido,4,Limitado por hora
583,558,2023-10-16,Exitoso,4,Limitado por hora
584,476,2024-05-01,Exitoso,2,Dispositivo bloqueado
584,351,2024-12-24,Bloqueado,5,Limitado por hora
584,196,2024-11-04,Fallido,1,Sin problema
585,77,2022-05-08,Fallido,3,Sin problema
586,271,2022-02-12,Bloqueado,8,Limitado por hora
586,423,2024-09-13,Bloqueado,7,Sin problema
587,391,2023-08-17,Fallido,4,Contraseña incorrecta
587,530,2023-02-13,Fallido,4,Contraseña incorrecta
587,126,2022-04-04,Fallido,5,Limitado por hora
587,410,2022-02-21,Exitoso,2,Sin problema
588,455,2024-07-26,Exitoso,6,Contraseña incorrecta
588,242,2025-03-29,Fallido,5,Sin problema
588,277,2023-09-25,Exitoso,3,Limitado por hora
588,379,2024-09-09,Bloqueado,9,Sin problema
589,469,2022-10-14,Exitoso,10,Contraseña incorrecta
589,340,2022-12-02,Fallido,2,Contraseña incorrecta
590,544,2024-07-18,Fallido,6,Dispositivo bloqueado
591,511,2022-04-26,Exitoso,5,Limitado por hora
591,363,2025-10-31,Bloqueado,8,Sin problema
591,102,2022-09-29,Bloqueado,9,Sin problema
591,576,2024-07-28,Exitoso,4,Dispositivo bloqueado
592,124,2024-03-13,Exitoso,9,Limitado por hora
593,37,2022-07-06,Exitoso,9,Contraseña incorrecta
594,106,2024-01-31,Exitoso,6,Contraseña incorrecta
595,570,2022-02-14,Exitoso,6,Limitado por hora
595,39,2024-11-08,Bloqueado,7,Contraseña incorrecta
595,572,2025-09-13,Fallido,2,Limitado por hora
595,144,2025-01-20,Fallido,2,Dispositivo bloqueado
596,450,2023-07-31,Fallido,10,Sin problema
596,369,2024-10-11,Bloqueado,3,Contraseña incorrecta
596,173,2025-09-19,Bloqueado,2,Contraseña incorrecta
597,493,2024-04-30,Bloqueado,9,Dispositivo bloqueado
597,202,2024-12-19,Bloqueado,4,Contraseña incorrecta
597,336,2024-02-08,Exitoso,5,Sin problema
598,85,2024-08-12,Bloqueado,7,Contraseña incorrecta
598,102,2025-01-18,Bloqueado,10,Contraseña incorrecta
598,475,2024-11-27,Fallido,10,Dispositivo bloqueado
599,525,2024-08-18,Bloqueado,10,Limitado por hora
599,466,2025-12-08,Exitoso,8,Dispositivo bloqueado
599,393,2024-12-30,Bloqueado,1,Dispositivo bloqueado
599,418,2024-06-12,Fallido,3,Sin problema
600,224,2025-11-10,Bloqueado,5,Limitado por hora
600,566,2024-02-15,Bloqueado,5,Sin problema
600,128,2022-04-16,Fallido,2,Sin problema
600,518,2023-08-06,Exitoso,7,Dispositivo bloqueado
601,5,2022-11-18,Exitoso,1,Dispositivo bloqueado
602,330,2025-03-30,Fallido,8,Sin problema
602,546,2023-04-03,Fallido,3,Limitado por hora
603,459,2023-05-16,Bloqueado,9,Contraseña incorrecta
603,453,2024-03-22,Exitoso,7,Limitado por hora
604,408,2022-10-25,Fallido,1,Sin problema
605,172,2024-04-06,Exitoso,2,Sin problema
605,334,2024-06-14,Bloqueado,1,Limitado por hora
605,587,2025-06-02,Exitoso,3,Contraseña incorrecta
605,142,2023-02-02,Fallido,8,Contraseña incorrecta
606,349,2025-11-07,Fallido,1,Sin problema
606,577,2024-09-03,Exitoso,2,Sin problema
606,92,2022-12-15,Exitoso,3,Limitado por hora
606,174,2022-12-31,Exitoso,7,Contraseña incorrecta
607,501,2023-08-28,Bloqueado,2,Contraseña incorrecta
608,462,2023-05-12,Exitoso,5,Sin problema
608,344,2025-01-08,Fallido,4,Dispositivo bloqueado
609,448,2025-04-14,Exitoso,4,Contraseña incorrecta
609,393,2024-05-29,Exitoso,5,Contraseña incorrecta
609,596,2025-04-29,Bloqueado,7,Limitado por hora
610,18,2024-07-07,Fallido,3,Limitado por hora
610,434,2023-02-22,Exitoso,9,Sin problema
611,152,2024-12-16,Exitoso,1,Contraseña incorrecta
611,228,2025-08-08,Fallido,1,Limitado por hora
612,201,2022-05-27,Fallido,2,Limitado por hora
613,255,2024-03-08,Exitoso,3,Contraseña incorrecta
613,223,2023-02-18,Bloqueado,2,Dispositivo bloqueado
614,287,2025-09-29,Bloqueado,10,Limitado por hora
614,360,2022-06-16,Bloqueado,6,Contraseña incorrecta
614,247,2024-12-21,Bloqueado,6,Limitado por hora
615,357,2022-02-13,Fallido,8,Sin problema
615,231,2022-10-18,Exitoso,4,Limitado por hora
616,594,2022-02-03,Exitoso,2,Contraseña incorrecta
617,401,2023-10-02,Fallido,4,Sin problema
617,86,2023-11-05,Bloqueado,4,Contraseña incorrecta
617,592,2023-11-18,Bloqueado,4,Contraseña incorrecta
618,434,2024-01-09,Exitoso,10,Sin problema
618,121,2022-12-24,Bloqueado,2,Dispositivo bloqueado
619,397,2023-09-06,Fallido,10,Sin problema
619,253,2025-10-15,Exitoso,1,Limitado por hora
620,590,2025-04-28,Exitoso,4,Dispositivo bloqueado
620,419,2025-02-18,Bloqueado,1,Limitado por hora
620,29,2024-02-26,Fallido,7,Sin problema
620,149,2022-08-18,Bloqueado,8,Dispositivo bloqueado
621,143,2024-04-25,Fallido,3,Contraseña incorrecta
621,312,2022-03-21,Fallido,9,Limitado por hora
621,509,2022-11-02,Fallido,6,Contraseña incorrecta
621,562,2024-05-05,Fallido,9,Limitado por hora
622,456,2023-03-03,Bloqueado,5,Contraseña incorrecta
623,551,2022-02-03,Bloqueado,9,Contraseña incorrecta
624,407,2025-05-24,Bloqueado,3,Contraseña incorrecta
625,591,2025-04-28,Bloqueado,6,Contraseña incorrecta
625,309,2022-10-01,Bloqueado,1,Dispositivo bloqueado
625,421,2024-04-11,Bloqueado,1,Limitado por hora
625,230,2024-01-05,Exitoso,7,Limitado por hora
626,398,2023-12-24,Exitoso,10,Sin problema
626,384,2023-05-13,Bloqueado,1,Contraseña incorrecta
626,407,2022-08-31,Exitoso,1,Dispositivo bloqueado
627,21,2023-11-12,Exitoso,1,Sin problema
627,100,2025-02-28,Bloqueado,10,Dispositivo bloqueado
627,4,2022-04-06,Bloqueado,9,Limitado por hora
627,174,2024-03-20,Fallido,7,Contraseña incorrecta
628,105,2024-05-05,Fallido,6,Contraseña incorrecta
628,10,2024-01-10,Bloqueado,4,Dispositivo bloqueado
628,270,2022-06-10,Fallido,8,Contraseña incorrecta
628,241,2025-04-01,Fallido,5,Contraseña incorrecta
629,475,2023-08-03,Exitoso,6,Sin problema
629,596,2025-12-20,Fallido,10,Limitado por hora
629,317,2024-05-27,Fallido,2,Dispositivo bloqueado
630,384,2024-02-15,Exitoso,2,Limitado por hora
630,31,2023-02-22,Exitoso,9,Dispositivo bloqueado
630,548,2025-03-18,Fallido,9,Dispositivo bloqueado
630,108,2025-11-22,Fallido,3,Limitado por hora
631,365,2022-10-01,Bloqueado,9,Contraseña incorrecta
631,515,2022-01-22,Bloqueado,9,Contraseña incorrecta
632,100,2023-10-02,Exitoso,1,Contraseña incorrecta
632,358,2022-11-02,Exitoso,1,Contraseña incorrecta
633,297,2022-11-28,Bloqueado,7,Sin problema
634,557,2022-12-21,Fallido,4,Dispositivo bloqueado
634,387,2024-10-11,Bloqueado,1,Limitado por hora
634,517,2023-11-06,Bloqueado,1,Limitado por hora
634,73,2024-02-24,Exitoso,4,Sin problema
635,125,2024-07-29,Bloqueado,9,Sin problema
635,445,2025-08-15,Exitoso,7,Limitado por hora
636,521,2024-09-02,Fallido,3,Contraseña incorrecta
636,243,2023-04-12,Bloqueado,5,Dispositivo bloqueado
636,320,2024-03-29,Exitoso,2,Limitado por hora
636,582,2023-10-12,Fallido,10,Dispositivo bloqueado
637,69,2025-10-25,Exitoso,8,Sin problema
637,302,2025-06-15,Fallido,5,Sin problema
637,373,2023-01-30,Fallido,2,Dispositivo bloqueado
637,343,2022-05-28,Bloqueado,9,Contraseña incorrecta
638,235,2022-11-06,Exitoso,9,Sin problema
639,485,2022-03-23,Fallido,10,Sin problema
639,369,2024-03-16,Exitoso,1,Sin problema
639,499,2022-09-19,Fallido,1,Limitado por hora
639,390,2024-11-15,Bloqueado,6,Sin problema
640,299,2022-04-27,Bloqueado,7,Dispositivo bloqueado
640,35,2022-04-16,Fallido,9,Dispositivo bloqueado
640,302,2023-12-12,Exitoso,3,Contraseña incorrecta
640,494,2022-10-14,Bloqueado,5,Contraseña incorrecta
641,113,2024-05-15,Fallido,5,Limitado por hora
642,277,2024-12-10,Bloqueado,4,Contraseña incorrecta
642,324,2025-05-15,Fallido,8,Dispositivo bloqueado
643,112,2023-03-25,Exitoso,8,Dispositivo bloqueado
643,595,2025-03-30,Exitoso,4,Dispositivo bloqueado
643,376,2025-02-04,Exitoso,4,Sin problema
644,115,2024-03-24,Bloqueado,5,Limitado por hora
644,450,2023-12-07,Fallido,9,Contraseña incorrecta
644,187,2023-09-27,Bloqueado,8,Limitado por hora
644,532,2022-03-07,Fallido,3,Dispositivo bloqueado
645,585,2024-06-25,Fallido,2,Contraseña incorrecta
645,96,2023-10-26,Bloqueado,5,Limitado por hora
645,193,2024-05-16,Fallido,7,Contraseña incorrecta
645,107,2023-03-21,Bloqueado,7,Sin problema
646,152,2025-06-15,Fallido,10,Dispositivo bloqueado
646,273,2024-08-10,Bloqueado,3,Limitado por hora
646,139,2023-09-30,Fallido,6,Limitado por hora
646,400,2025-05-12,Bloqueado,10,Limitado por hora
647,69,2022-08-03,Bloqueado,5,Contraseña incorrecta
647,208,2023-04-01,Fallido,4,Limitado por hora
647,31,2022-05-18,Fallido,5,Limitado por hora
648,374,2025-11-04,Bloqueado,10,Limitado por hora
649,78,2025-03-24,Fallido,5,Dispositivo bloqueado
649,373,2025-11-27,Bloqueado,7,Sin problema
649,270,2022-03-21,Bloqueado,8,Limitado por hora
649,317,2022-06-22,Bloqueado,5,Sin problema
650,390,2023-06-01,Exitoso,6,Contraseña incorrecta
650,371,2022-10-04,Bloqueado,4,Contraseña incorrecta
651,474,2024-04-10,Bloqueado,8,Contraseña incorrecta
651,61,2023-10-29,Fallido,3,Sin problema
652,286,2023-11-22,Bloqueado,4,Contraseña incorrecta
652,446,2022-07-08,Fallido,10,Sin problema
652,480,2023-06-12,Bloqueado,10,Contraseña incorrecta
652,285,2023-12-08,Bloqueado,3,Contraseña incorrecta
653,103,2024-11-25,Exitoso,6,Dispositivo bloqueado
653,271,2024-10-03,Exitoso,1,Limitado por hora
653,573,2024-12-19,Fallido,4,Sin problema
653,144,2025-02-26,Fallido,3,Sin problema
654,419,2025-08-19,Exitoso,4,Limitado por hora
654,266,2022-04-09,Bloqueado,8,Limitado por hora
654,151,2025-01-18,Exitoso,8,Sin problema
655,572,2025-01-30,Exitoso,7,Contraseña incorrecta
655,126,2022-02-10,Bloqueado,10,Limitado por hora
656,177,2024-02-05,Fallido,1,Limitado por hora
656,505,2023-06-01,Bloqueado,9,Sin problema
656,426,2024-11-05,Exitoso,1,Dispositivo bloqueado
656,222,2022-12-01,Bloqueado,2,Contraseña incorrecta
657,497,2023-03-23,Exitoso,8,Limitado por hora
657,304,2025-10-22,Exitoso,8,Dispositivo bloqueado
657,194,2024-09-06,Bloqueado,9,Limitado por hora
657,164,2023-07-07,Exitoso,8,Dispositivo bloqueado
658,280,2022-02-21,Bloqueado,7,Dispositivo bloqueado
659,340,2025-01-23,Exitoso,10,Dispositivo bloqueado
660,111,2024-05-25,Fallido,8,Sin problema
660,383,2025-06-05,Bloqueado,5,Limitado por hora
661,196,2025-12-08,Fallido,1,Limitado por hora
661,222,2023-01-04,Bloqueado,5,Dispositivo bloqueado
661,386,2025-01-17,Bloqueado,10,Contraseña incorrecta
662,142,2024-12-10,Exitoso,8,Sin problema
662,37,2025-01-28,Exitoso,3,Sin problema
663,58,2023-03-16,Exitoso,5,Limitado por hora
663,469,2024-01-05,Bloqueado,10,Contraseña incorrecta
663,217,2024-02-26,Fallido,9,Contraseña incorrecta
664,527,2025-02-02,Fallido,6,Dispositivo bloqueado
664,596,2022-03-08,Bloqueado,9,Limitado por hora
664,500,2025-07-21,Bloqueado,2,Contraseña incorrecta
665,238,2025-11-14,Bloqueado,2,Sin problema
665,418,2024-10-20,Bloqueado,7,Dispositivo bloqueado
666,323,2025-09-26,Bloqueado,4,Contraseña incorrecta
666,365,2024-02-13,Fallido,4,Contraseña incorrecta
666,523,2022-12-05,Exitoso,8,Sin problema
666,409,2025-10-21,Bloqueado,10,Limitado por hora
667,467,2024-09-21,Exitoso,1,Dispositivo bloqueado
667,185,2025-03-31,Bloqueado,6,Sin problema
667,462,2024-06-15,Exitoso,3,Contraseña incorrecta
667,443,2025-01-09,Exitoso,1,Dispositivo bloqueado
668,237,2024-03-03,Bloqueado,4,Contraseña incorrecta
668,20,2022-06-29,Fallido,5,Limitado por hora
668,73,2022-09-25,Exitoso,5,Sin problema
668,180,2025-08-03,Exitoso,9,Limitado por hora
669,194,2022-08-01,Bloqueado,10,Dispositivo bloqueado
669,124,2025-08-04,Bloqueado,10,Dispositivo bloqueado
669,588,2022-11-02,Bloqueado,7,Dispositivo bloqueado
669,107,2022-08-30,Bloqueado,6,Sin problema
670,7,2023-01-06,Bloqueado,4,Sin problema
670,332,2025-07-16,Bloqueado,3,Sin problema
671,584,2024-04-21,Exitoso,3,Dispositivo bloqueado
672,64,2022-08-18,Bloqueado,5,Contraseña incorrecta
672,333,2025-05-02,Fallido,4,Sin problema
673,420,2023-10-17,Fallido,3,Limitado por hora
674,533,2022-04-08,Exitoso,7,Dispositivo bloqueado
674,566,2023-09-21,Fallido,7,Contraseña incorrecta
675,257,2023-12-10,Fallido,1,Dispositivo bloqueado
675,232,2024-06-03,Exitoso,7,Dispositivo bloqueado
676,519,2022-07-25,Fallido,5,Sin problema
676,534,2024-01-17,Bloqueado,3,Sin problema
676,462,2025-12-11,Fallido,3,Limitado por hora
676,134,2022-11-02,Bloqueado,3,Contraseña incorrecta
677,423,2024-09-11,Exitoso,9,Dispositivo bloqueado
677,279,2024-05-03,Exitoso,8,Contraseña incorrecta
677,144,2024-07-15,Fallido,4,Sin problema
678,404,2025-10-06,Bloqueado,7,Limitado por hora
678,259,2025-07-15,Exitoso,1,Sin problema
678,532,2023-09-07,Fallido,7,Limitado por hora
678,600,2025-05-10,Bloqueado,6,Contraseña incorrecta
679,586,2024-02-09,Exitoso,8,Sin problema
679,150,2023-07-15,Exitoso,9,Dispositivo bloqueado
679,487,2024-02-23,Fallido,3,Sin problema
680,391,2022-12-23,Exitoso,5,Limitado por hora
680,128,2024-12-26,Exitoso,4,Sin problema
680,298,2025-07-17,Exitoso,8,Sin problema
681,294,2023-10-12,Bloqueado,9,Contraseña incorrecta
682,62,2025-04-26,Fallido,1,Sin problema
682,466,2023-10-08,Exitoso,8,Limitado por hora
682,345,2022-10-24,Exitoso,2,Limitado por hora
682,519,2022-01-19,Fallido,7,Limitado por hora
683,312,2024-10-22,Exitoso,9,Contraseña incorrecta
683,12,2025-12-18,Bloqueado,2,Limitado por hora
683,208,2025-11-13,Bloqueado,7,Dispositivo bloqueado
683,129,2024-05-19,Exitoso,4,Limitado por hora
684,561,2025-04-15,Exitoso,4,Dispositivo bloqueado
685,446,2024-01-16,Fallido,3,Limitado por hora
685,149,2025-01-31,Fallido,9,Sin problema
685,517,2023-06-08,Bloqueado,2,Dispositivo bloqueado
686,390,2023-01-14,Bloqueado,4,Sin problema
686,162,2024-03-15,Fallido,1,Dispositivo bloqueado
686,417,2022-05-23,Bloqueado,7,Limitado por hora
686,496,2022-06-29,Bloqueado,7,Dispositivo bloqueado
687,532,2022-09-11,Fallido,7,Sin problema
688,590,2025-03-31,Exitoso,3,Contraseña incorrecta
688,440,2023-02-14,Exitoso,3,Sin problema
688,172,2025-05-27,Fallido,10,Sin problema
689,218,2023-09-01,Fallido,3,Sin problema
690,502,2023-05-16,Bloqueado,7,Limitado por hora
690,495,2023-12-08,Exitoso,10,Limitado por hora
690,384,2023-03-06,Fallido,7,Limitado por hora
690,26,2023-05-12,Bloqueado,3,Limitado por hora
691,88,2023-09-01,Exitoso,9,Contraseña incorrecta
691,454,2025-10-12,Fallido,1,Dispositivo bloqueado
691,225,2022-01-29,Bloqueado,4,Contraseña incorrecta
692,38,2022-07-30,Fallido,7,Limitado por hora
692,115,2023-12-19,Exitoso,2,Contraseña incorrecta
692,500,2022-04-18,Exitoso,3,Contraseña incorrecta
692,304,2024-11-01,Bloqueado,2,Contraseña incorrecta
693,40,2023-09-19,Exitoso,8,Dispositivo bloqueado
693,353,2024-01-27,Fallido,7,Limitado por hora
693,254,2025-03-12,Fallido,1,Sin problema
693,585,2022-09-24,Fallido,6,Dispositivo bloqueado
694,501,2024-06-21,Fallido,10,Dispositivo bloqueado
694,463,2025-05-21,Exitoso,3,Limitado por hora
695,86,2025-04-25,Exitoso,5,Limitado por hora
696,364,2025-06-07,Fallido,8,Limitado por hora
696,211,2023-05-19,Fallido,2,Sin problema
696,206,2023-10-16,Exitoso,8,Sin problema
696,566,2024-07-22,Exitoso,7,Dispositivo bloqueado
697,541,2022-08-13,Fallido,1,Contraseña incorrecta
698,405,2022-05-20,Exitoso,6,Contraseña incorrecta
698,295,2022-11-09,Bloqueado,2,Limitado por hora
698,595,2023-07-18,Fallido,4,Dispositivo bloqueado
698,323,2023-12-05,Fallido,3,Limitado por hora
699,286,2023-07-12,Bloqueado,8,Dispositivo bloqueado
699,208,2025-06-23,Bloqueado,9,Limitado por hora
700,35,2022-07-03,Fallido,9,Contraseña incorrecta
700,172,2023-02-12,Fallido,10,Contraseña incorrecta
701,587,2025-10-13,Bloqueado,7,Limitado por hora
701,330,2022-01-18,Fallido,7,Sin problema
701,124,2022-06-25,Fallido,6,Dispositivo bloqueado
702,363,2022-07-13,Exitoso,6,Sin problema
702,244,2023-10-26,Fallido,6,Sin problema
702,557,2025-10-19,Exitoso,1,Limitado por hora
702,410,2025-09-02,Exitoso,6,Limitado por hora
703,492,2025-09-10,Exitoso,2,Contraseña incorrecta
703,447,2022-02-06,Exitoso,9,Dispositivo bloqueado
703,219,2025-01-10,Exitoso,1,Limitado por hora
703,252,2025-06-01,Bloqueado,4,Limitado por hora
704,250,2024-05-14,Bloqueado,2,Sin problema
704,512,2025-09-18,Bloqueado,8,Contraseña incorrecta
705,591,2022-07-23,Fallido,4,Sin problema
706,443,2023-11-08,Exitoso,7,Sin problema
707,277,2024-09-13,Exitoso,2,Dispositivo bloqueado
708,339,2024-08-24,Bloqueado,1,Sin problema
708,213,2023-11-08,Bloqueado,8,Sin problema
709,61,2023-01-17,Exitoso,1,Dispositivo bloqueado
709,336,2025-09-14,Fallido,1,Sin problema
709,557,2024-07-12,Bloqueado,10,Sin problema
709,59,2025-08-29,Fallido,3,Dispositivo bloqueado
710,231,2022-09-26,Fallido,6,Dispositivo bloqueado
710,207,2025-08-16,Exitoso,5,Contraseña incorrecta
711,179,2025-08-13,Exitoso,3,Dispositivo bloqueado
711,204,2022-01-15,Exitoso,6,Contraseña incorrecta
712,17,2023-03-23,Fallido,2,Contraseña incorrecta
712,139,2022-10-14,Fallido,7,Sin problema
713,496,2025-09-03,Fallido,5,Limitado por hora
713,236,2022-01-25,Bloqueado,9,Sin problema
713,124,2022-03-04,Bloqueado,8,Sin problema
714,430,2024-02-19,Fallido,9,Dispositivo bloqueado
714,348,2023-02-27,Exitoso,5,Contraseña incorrecta
714,249,2023-12-20,Bloqueado,8,Dispositivo bloqueado
714,225,2024-07-22,Exitoso,2,Sin problema
715,204,2023-02-10,Bloqueado,7,Sin problema
716,402,2023-03-12,Fallido,6,Sin problema
716,432,2022-02-14,Fallido,1,Contraseña incorrecta
717,384,2022-07-19,Exitoso,7,Contraseña incorrecta
717,491,2025-02-13,Fallido,6,Limitado por hora
718,423,2022-12-11,Fallido,4,Sin problema
718,251,2023-07-02,Bloqueado,3,Limitado por hora
719,173,2024-06-21,Exitoso,3,Contraseña incorrecta
720,134,2024-07-11,Exitoso,9,Limitado por hora
720,27,2022-09-24,Exitoso,10,Dispositivo bloqueado
720,15,2022-02-03,Bloqueado,8,Dispositivo bloqueado
720,84,2022-05-23,Exitoso,3,Contraseña incorrecta
721,12,2025-03-23,Bloqueado,7,Dispositivo bloqueado
721,429,2024-08-16,Bloqueado,10,Dispositivo bloqueado
721,389,2023-07-17,Bloqueado,6,Sin problema
722,66,2023-03-08,Exitoso,4,Contraseña incorrecta
722,149,2025-02-22,Fallido,5,Contraseña incorrecta
722,171,2022-08-08,Exitoso,9,Dispositivo bloqueado
722,209,2023-03-22,Exitoso,2,Contraseña incorrecta
723,39,2022-05-06,Bloqueado,1,Dispositivo bloqueado
723,170,2025-06-26,Fallido,7,Sin problema
724,30,2022-09-22,Bloqueado,4,Sin problema
724,596,2023-11-24,Bloqueado,8,Contraseña incorrecta
725,174,2022-02-18,Fallido,6,Contraseña incorrecta
726,21,2025-11-24,Exitoso,6,Dispositivo bloqueado
727,217,2022-06-21,Bloqueado,7,Sin problema
727,446,2025-12-17,Exitoso,4,Sin problema
727,273,2023-05-11,Bloqueado,8,Dispositivo bloqueado
727,309,2023-04-19,Fallido,4,Sin problema
728,234,2023-12-23,Bloqueado,7,Contraseña incorrecta
728,500,2024-04-27,Exitoso,1,Sin problema
728,502,2024-02-22,Exitoso,3,Dispositivo bloqueado
729,469,2025-09-07,Exitoso,10,Limitado por hora
729,396,2024-09-21,Fallido,9,Sin problema
730,593,2022-07-13,Fallido,3,Sin problema
730,237,2024-10-18,Fallido,7,Dispositivo bloqueado
731,317,2023-05-24,Exitoso,5,Sin problema
732,241,2025-04-21,Bloqueado,9,Limitado por hora
733,166,2025-06-07,Fallido,4,Contraseña incorrecta
733,474,2022-07-31,Bloqueado,10,Dispositivo bloqueado
733,192,2025-01-02,Fallido,1,Dispositivo bloqueado
734,228,2024-10-24,Exitoso,3,Dispositivo bloqueado
734,153,2022-05-22,Exitoso,1,Sin problema
734,294,2025-08-07,Exitoso,7,Dispositivo bloqueado
734,568,2025-12-04,Fallido,2,Dispositivo bloqueado
735,582,2024-04-10,Fallido,9,Limitado por hora
735,33,2023-01-21,Exitoso,2,Limitado por hora
735,16,2023-05-05,Bloqueado,6,Sin problema
736,169,2023-04-20,Bloqueado,6,Dispositivo bloqueado
736,9,2022-10-04,Bloqueado,2,Limitado por hora
736,590,2025-01-12,Bloqueado,1,Limitado por hora
737,233,2023-12-03,Bloqueado,7,Contraseña incorrecta
738,150,2022-10-20,Fallido,5,Limitado por hora
738,189,2024-05-28,Fallido,6,Limitado por hora
738,125,2024-01-18,Bloqueado,8,Limitado por hora
738,132,2023-04-15,Fallido,6,Sin problema
739,136,2024-08-02,Fallido,9,Dispositivo bloqueado
739,467,2025-05-03,Bloqueado,3,Limitado por hora
739,44,2023-12-25,Bloqueado,10,Dispositivo bloqueado
739,285,2024-02-13,Exitoso,8,Contraseña incorrecta
740,232,2024-04-02,Exitoso,7,Dispositivo bloqueado
740,298,2024-10-17,Bloqueado,1,Limitado por hora
740,502,2023-09-22,Exitoso,10,Sin problema
741,395,2022-03-03,Exitoso,9,Limitado por hora
741,56,2022-02-17,Bloqueado,8,Sin problema
742,27,2024-05-28,Fallido,9,Sin problema
743,200,2022-10-24,Fallido,9,Limitado por hora
743,577,2025-06-26,Bloqueado,9,Sin problema
744,556,2025-01-01,Exitoso,5,Dispositivo bloqueado
745,397,2025-11-07,Fallido,5,Sin problema
745,70,2023-01-05,Fallido,3,Contraseña incorrecta
745,422,2022-05-02,Fallido,10,Sin problema
746,570,2023-01-07,Bloqueado,2,Limitado por hora
746,163,2025-07-02,Fallido,3,Sin problema
747,441,2024-06-27,Bloqueado,3,Contraseña incorrecta
747,595,2024-04-12,Fallido,6,Limitado por hora
747,466,2024-04-23,Bloqueado,6,Dispositivo bloqueado
747,570,2024-03-24,Exitoso,8,Limitado por hora
748,343,2025-04-22,Bloqueado,8,Sin problema
748,83,2024-12-04,Bloqueado,8,Contraseña incorrecta
748,290,2024-11-28,Exitoso,9,Limitado por hora
749,444,2023-02-12,Exitoso,8,Limitado por hora
750,456,2022-11-09,Bloqueado,7,Limitado por hora
750,217,2022-12-03,Fallido,9,Sin problema
750,240,2024-05-03,Exitoso,6,Contraseña incorrecta
751,316,2022-04-08,Fallido,7,Contraseña incorrecta
751,48,2025-12-02,Bloqueado,3,Contraseña incorrecta
751,30,2024-09-13,Fallido,10,Dispositivo bloqueado
751,419,2023-01-07,Bloqueado,5,Sin problema
752,147,2023-07-27,Fallido,10,Sin problema
752,133,2023-05-07,Bloqueado,2,Dispositivo bloqueado
753,277,2022-12-13,Exitoso,6,Contraseña incorrecta
754,262,2023-12-02,Bloqueado,2,Dispositivo bloqueado
754,225,2023-09-19,Exitoso,9,Contraseña incorrecta
754,354,2022-05-05,Exitoso,9,Limitado por hora
755,37,2023-12-16,Exitoso,1,Contraseña incorrecta
755,258,2025-11-20,Exitoso,6,Dispositivo bloqueado
756,557,2023-01-20,Fallido,10,Dispositivo bloqueado
756,156,2024-11-25,Exitoso,6,Contraseña incorrecta
757,63,2024-05-08,Exitoso,8,Limitado por hora
757,77,2023-07-18,Bloqueado,8,Limitado por hora
757,299,2022-10-20,Exitoso,7,Sin problema
757,505,2025-08-10,Exitoso,4,Contraseña incorrecta
758,178,2023-01-09,Exitoso,5,Sin problema
758,471,2025-09-01,Fallido,10,Contraseña incorrecta
758,82,2025-10-15,Exitoso,8,Sin problema
759,374,2022-11-30,Fallido,6,Limitado por hora
760,25,2022-07-13,Exitoso,8,Sin problema
761,175,2022-03-19,Bloqueado,9,Dispositivo bloqueado
761,17,2022-11-17,Fallido,1,Dispositivo bloqueado
761,202,2022-07-06,Fallido,3,Sin problema
761,95,2025-05-29,Bloqueado,8,Sin problema
762,536,2024-05-03,Bloqueado,3,Dispositivo bloqueado
762,412,2025-11-24,Exitoso,6,Limitado por hora
762,247,2024-05-15,Bloqueado,9,Limitado por hora
762,280,2025-10-02,Fallido,6,Sin problema
763,332,2024-02-09,Bloqueado,7,Sin problema
763,425,2022-11-24,Bloqueado,6,Contraseña incorrecta
763,396,2025-07-17,Bloqueado,8,Dispositivo bloqueado
764,573,2025-07-12,Exitoso,9,Limitado por hora
764,79,2022-05-31,Bloqueado,4,Limitado por hora
765,360,2023-08-15,Exitoso,2,Contraseña incorrecta
765,250,2022-08-29,Exitoso,3,Limitado por hora
766,448,2023-08-09,Fallido,5,Limitado por hora
767,585,2025-09-04,Bloqueado,1,Dispositivo bloqueado
767,593,2024-08-28,Bloqueado,2,Sin problema
768,41,2023-03-06,Exitoso,8,Sin problema
768,415,2022-05-26,Bloqueado,6,Sin problema
769,474,2024-03-27,Fallido,1,Limitado por hora
769,264,2023-08-02,Exitoso,10,Contraseña incorrecta
770,328,2024-09-12,Fallido,7,Sin problema
771,13,2024-02-24,Bloqueado,3,Limitado por hora
771,23,2022-03-31,Fallido,5,Contraseña incorrecta
771,572,2024-04-28,Exitoso,6,Limitado por hora
772,40,2025-02-15,Bloqueado,6,Sin problema
772,454,2023-09-22,Fallido,5,Dispositivo bloqueado
772,77,2023-05-14,Bloqueado,9,Contraseña incorrecta
773,554,2025-08-21,Exitoso,4,Dispositivo bloqueado
773,352,2022-10-24,Fallido,4,Limitado por hora
773,211,2023-05-18,Bloqueado,1,Limitado por hora
774,508,2024-09-07,Bloqueado,10,Sin problema
775,214,2024-12-30,Bloqueado,2,Sin problema
775,11,2024-03-23,Exitoso,2,Sin problema
775,323,2025-05-05,Bloqueado,6,Sin problema
776,413,2022-09-12,Fallido,1,Dispositivo bloqueado
776,527,2024-05-28,Bloqueado,8,Sin problema
776,445,2025-05-05,Exitoso,8,Contraseña incorrecta
776,231,2025-02-13,Exitoso,2,Sin problema
777,55,2022-04-05,Bloqueado,2,Sin problema
777,286,2025-05-19,Bloqueado,9,Contraseña incorrecta
778,392,2025-02-10,Fallido,1,Dispositivo bloqueado
779,198,2025-06-11,Bloqueado,4,Limitado por hora
779,264,2024-03-11,Bloqueado,1,Limitado por hora
779,116,2022-01-29,Bloqueado,7,Sin problema
779,227,2023-04-25,Bloqueado,3,Contraseña incorrecta
780,566,2025-07-16,Bloqueado,3,Contraseña incorrecta
780,246,2024-02-05,Exitoso,8,Dispositivo bloqueado
781,509,2022-10-06,Fallido,1,Dispositivo bloqueado
781,136,2025-07-30,Fallido,1,Sin problema
781,557,2025-07-13,Bloqueado,8,Contraseña incorrecta
782,420,2025-06-17,Fallido,6,Limitado por hora
783,416,2024-09-24,Bloqueado,8,Limitado por hora
783,126,2023-01-24,Exitoso,9,Dispositivo bloqueado
783,515,2023-03-08,Bloqueado,8,Contraseña incorrecta
783,2,2022-03-22,Fallido,7,Contraseña incorrecta
784,343,2024-05-25,Bloqueado,10,Limitado por hora
784,363,2024-06-18,Fallido,9,Contraseña incorrecta
785,477,2025-08-01,Exitoso,7,Sin problema
785,581,2025-12-06,Bloqueado,8,Dispositivo bloqueado
785,9,2022-01-05,Exitoso,9,Sin problema
785,306,2025-08-20,Exitoso,5,Contraseña incorrecta
786,91,2023-12-26,Exitoso,2,Dispositivo bloqueado
787,11,2024-01-09,Bloqueado,9,Contraseña incorrecta
788,195,2023-09-12,Bloqueado,9,Dispositivo bloqueado
788,569,2023-08-24,Exitoso,6,Dispositivo bloqueado
788,408,2022-05-21,Fallido,2,Limitado por hora
789,224,2024-07-13,Fallido,1,Sin problema
789,535,2023-02-10,Exitoso,6,Limitado por hora
789,585,2024-11-13,Exitoso,7,Dispositivo bloqueado
790,375,2022-11-03,Fallido,7,Contraseña incorrecta
790,438,2022-04-16,Fallido,3,Dispositivo bloqueado
791,265,2025-10-26,Bloqueado,1,Sin problema
792,588,2023-10-03,Bloqueado,9,Sin problema
792,522,2023-08-19,Exitoso,3,Dispositivo bloqueado
793,371,2024-10-13,Bloqueado,5,Contraseña incorrecta
793,320,2025-08-22,Exitoso,6,Dispositivo bloqueado
793,78,2022-11-19,Exitoso,9,Limitado por hora
794,146,2025-04-11,Bloqueado,4,Contraseña incorrecta
794,106,2022-04-11,Fallido,3,Limitado por hora
794,566,2023-12-11,Exitoso,2,Sin problema
795,469,2023-04-04,Fallido,10,Sin problema
796,208,2023-01-11,Bloqueado,6,Limitado por hora
797,312,2023-08-11,Exitoso,5,Contraseña incorrecta
798,286,2023-03-05,Exitoso,3,Dispositivo bloqueado
798,333,2024-10-29,Bloqueado,9,Dispositivo bloqueado
799,455,2023-03-04,Bloqueado,4,Limitado por hora
799,274,2022-12-11,Bloqueado,7,Sin problema
799,557,2024-01-06,Fallido,1,Contraseña incorrecta
800,162,2024-02-07,Bloqueado,10,Sin problema
800,273,2025-10-17,Exitoso,6,Contraseña incorrecta
800,586,2024-01-09,Bloqueado,6,Limitado por hora
800,125,2024-08-10,Exitoso,1,Limitado por hora
801,254,2024-06-10,Bloqueado,8,Contraseña incorrecta
802,199,2024-03-07,Exitoso,1,Sin problema
802,354,2025-08-28,Exitoso,8,Limitado por hora
802,206,2024-08-16,Fallido,9,Sin problema
802,126,2024-12-24,Fallido,5,Limitado por hora
803,366,2022-11-04,Bloqueado,2,Dispositivo bloqueado
804,52,2025-03-11,Exitoso,1,Contraseña incorrecta
804,351,2023-10-21,Bloqueado,8,Contraseña incorrecta
804,332,2024-08-07,Exitoso,2,Contraseña incorrecta
805,184,2022-11-17,Exitoso,4,Limitado por hora
806,355,2023-09-10,Exitoso,6,Contraseña incorrecta
806,206,2025-11-06,Bloqueado,5,Sin problema
807,428,2023-07-24,Bloqueado,8,Dispositivo bloqueado
808,427,2022-03-06,Bloqueado,4,Contraseña incorrecta
809,71,2025-06-24,Bloqueado,7,Dispositivo bloqueado
809,518,2023-10-17,Exitoso,1,Contraseña incorrecta
809,72,2023-08-15,Fallido,6,Dispositivo bloqueado
809,551,2022-08-04,Bloqueado,4,Contraseña incorrecta
810,23,2024-03-12,Exitoso,6,Contraseña incorrecta
810,325,2022-03-02,Exitoso,10,Sin problema
811,494,2025-05-17,Bloqueado,8,Dispositivo bloqueado
811,22,2023-09-05,Fallido,1,Sin problema
811,410,2023-01-11,Exitoso,6,Sin problema
811,78,2024-07-13,Fallido,6,Sin problema
812,289,2025-01-24,Bloqueado,10,Sin problema
812,183,2023-02-12,Bloqueado,4,Limitado por hora
812,18,2025-12-05,Fallido,5,Limitado por hora
812,19,2024-08-08,Bloqueado,1,Limitado por hora
813,53,2024-01-05,Fallido,10,Limitado por hora
813,329,2022-09-20,Fallido,4,Contraseña incorrecta
813,73,2022-07-15,Exitoso,6,Contraseña incorrecta
813,143,2022-06-25,Bloqueado,10,Limitado por hora
814,113,2024-06-03,Exitoso,5,Dispositivo bloqueado
815,353,2022-05-25,Fallido,10,Limitado por hora
815,85,2023-03-17,Fallido,1,Contraseña incorrecta
815,268,2022-03-02,Bloqueado,5,Limitado por hora
816,231,2022-09-07,Fallido,1,Contraseña incorrecta
816,467,2025-07-26,Fallido,4,Contraseña incorrecta
816,119,2025-02-26,Exitoso,7,Dispositivo bloqueado
817,323,2025-04-26,Fallido,9,Sin problema
817,421,2022-10-03,Exitoso,10,Dispositivo bloqueado
817,135,2024-10-10,Bloqueado,6,Limitado por hora
818,460,2022-11-18,Fallido,1,Contraseña incorrecta
819,225,2022-02-14,Exitoso,1,Limitado por hora
819,561,2023-01-16,Exitoso,1,Dispositivo bloqueado
820,523,2023-08-02,Fallido,3,Sin problema
820,212,2023-05-28,Bloqueado,8,Dispositivo bloqueado
821,327,2022-11-03,Exitoso,3,Limitado por hora
821,386,2022-06-25,Exitoso,4,Contraseña incorrecta
821,116,2022-09-01,Bloqueado,7,Contraseña incorrecta
821,8,2023-10-17,Exitoso,3,Dispositivo bloqueado
822,68,2023-05-12,Exitoso,10,Limitado por hora
822,177,2025-06-01,Fallido,3,Limitado por hora
822,298,2025-08-09,Bloqueado,8,Limitado por hora
823,487,2022-02-11,Exitoso,5,Dispositivo bloqueado
824,179,2022-05-28,Fallido,6,Dispositivo bloqueado
824,140,2024-09-20,Fallido,3,Sin problema
824,409,2025-03-12,Exitoso,10,Dispositivo bloqueado
824,497,2023-12-29,Bloqueado,5,Sin problema
825,257,2023-10-23,Fallido,10,Sin problema
826,330,2023-09-09,Bloqueado,8,Contraseña incorrecta
826,151,2023-09-08,Exitoso,10,Limitado por hora
826,438,2024-04-05,Exitoso,2,Limitado por hora
826,59,2022-01-28,Fallido,5,Sin problema
827,426,2022-07-07,Bloqueado,1,Contraseña incorrecta
828,195,2022-08-24,Fallido,6,Limitado por hora
829,473,2023-10-12,Exitoso,2,Limitado por hora
829,201,2024-01-23,Bloqueado,3,Dispositivo bloqueado
829,287,2023-09-09,Fallido,1,Limitado por hora
829,445,2023-10-24,Fallido,8,Sin problema
830,381,2025-06-30,Exitoso,10,Limitado por hora
830,503,2024-01-13,Bloqueado,2,Dispositivo bloqueado
830,137,2023-10-16,Bloqueado,9,Sin problema
831,303,2022-10-25,Exitoso,2,Contraseña incorrecta
831,2,2023-01-29,Fallido,4,Limitado por hora
831,13,2022-01-23,Exitoso,5,Dispositivo bloqueado
831,192,2023-05-11,Exitoso,4,Contraseña incorrecta
832,296,2022-10-01,Bloqueado,1,Dispositivo bloqueado
833,500,2025-04-19,Exitoso,10,Dispositivo bloqueado
834,524,2023-08-21,Exitoso,1,Limitado por hora
834,73,2025-11-13,Bloqueado,5,Limitado por hora
835,12,2025-05-27,Exitoso,4,Dispositivo bloqueado
835,113,2025-08-22,Fallido,10,Sin problema
835,214,2023-03-24,Exitoso,2,Contraseña incorrecta
835,583,2023-02-04,Fallido,1,Dispositivo bloqueado
836,152,2022-04-18,Bloqueado,8,Contraseña incorrecta
836,91,2022-05-26,Fallido,7,Limitado por hora
836,423,2025-11-01,Exitoso,4,Limitado por hora
836,368,2024-12-25,Exitoso,7,Contraseña incorrecta
837,99,2025-12-20,Fallido,2,Sin problema
838,36,2025-10-07,Exitoso,9,Limitado por hora
838,595,2023-07-17,Exitoso,7,Contraseña incorrecta
839,8,2023-12-27,Fallido,8,Dispositivo bloqueado
839,382,2022-05-29,Fallido,7,Contraseña incorrecta
839,161,2023-01-19,Bloqueado,10,Sin problema
840,167,2024-11-04,Bloqueado,1,Sin problema
841,480,2024-08-20,Bloqueado,1,Sin problema
842,500,2024-08-06,Bloqueado,2,Limitado por hora
842,345,2024-04-08,Fallido,9,Dispositivo bloqueado
843,407,2024-06-13,Exitoso,3,Sin problema
843,462,2024-09-29,Bloqueado,5,Dispositivo bloqueado
843,319,2022-08-10,Fallido,7,Dispositivo bloqueado
843,461,2023-08-09,Exitoso,8,Dispositivo bloqueado
844,301,2024-12-27,Exitoso,4,Contraseña incorrecta
844,552,2022-08-27,Bloqueado,1,Sin problema
845,375,2023-12-22,Bloqueado,5,Dispositivo bloqueado
845,325,2024-07-05,Exitoso,6,Contraseña incorrecta
846,270,2022-03-13,Fallido,2,Dispositivo bloqueado
846,585,2022-06-21,Exitoso,2,Sin problema
846,272,2024-06-02,Bloqueado,6,Contraseña incorrecta
846,511,2023-09-30,Exitoso,5,Dispositivo bloqueado
847,258,2023-10-20,Fallido,4,Sin problema
847,183,2025-03-23,Exitoso,4,Contraseña incorrecta
847,433,2023-10-16,Exitoso,3,Dispositivo bloqueado
847,462,2023-01-15,Bloqueado,10,Contraseña incorrecta
848,230,2023-02-04,Fallido,1,Sin problema
848,358,2022-09-06,Exitoso,4,Sin problema
848,189,2022-10-26,Exitoso,8,Limitado por hora
848,102,2023-12-21,Bloqueado,5,Contraseña incorrecta
849,87,2022-06-28,Bloqueado,8,Dispositivo bloqueado
849,186,2022-11-19,Exitoso,2,Dispositivo bloqueado
849,520,2023-03-19,Exitoso,4,Contraseña incorrecta
850,360,2024-10-02,Exitoso,4,Dispositivo bloqueado
850,30,2025-06-29,Fallido,2,Sin problema
850,275,2024-12-31,Fallido,5,Contraseña incorrecta
850,412,2022-10-25,Bloqueado,8,Dispositivo bloqueado
851,575,2024-08-09,Exitoso,2,Limitado por hora
852,139,2025-04-28,Fallido,7,Dispositivo bloqueado
852,167,2024-11-07,Fallido,7,Dispositivo bloqueado
852,128,2025-04-24,Exitoso,7,Sin problema
853,361,2025-11-06,Bloqueado,7,Contraseña incorrecta
853,462,2025-12-08,Bloqueado,5,Contraseña incorrecta
853,52,2025-08-11,Exitoso,4,Sin problema
853,402,2022-09-06,Exitoso,3,Sin problema
854,109,2022-07-27,Fallido,1,Dispositivo bloqueado
855,297,2025-12-27,Fallido,9,Limitado por hora
856,488,2023-09-05,Bloqueado,1,Dispositivo bloqueado
856,139,2022-08-30,Bloqueado,8,Sin problema
857,48,2024-10-20,Exitoso,10,Limitado por hora
857,58,2025-07-11,Exitoso,7,Contraseña incorrecta
858,434,2022-09-23,Bloqueado,6,Sin problema
859,463,2024-09-07,Exitoso,10,Limitado por hora
860,445,2024-09-30,Bloqueado,5,Sin problema
860,413,2024-02-27,Exitoso,7,Dispositivo bloqueado
860,562,2023-11-24,Bloqueado,9,Dispositivo bloqueado
860,320,2023-06-29,Bloqueado,3,Dispositivo bloqueado
861,60,2023-07-13,Bloqueado,10,Limitado por hora
861,299,2023-12-27,Exitoso,9,Limitado por hora
861,573,2023-08-23,Fallido,2,Contraseña incorrecta
862,338,2022-12-30,Fallido,7,Limitado por hora
862,456,2023-05-02,Exitoso,6,Dispositivo bloqueado
862,177,2023-10-10,Fallido,2,Limitado por hora
862,553,2023-03-12,Exitoso,2,Sin problema
863,389,2025-01-08,Exitoso,9,Limitado por hora
863,530,2024-01-29,Exitoso,7,Contraseña incorrecta
864,334,2024-12-15,Bloqueado,6,Limitado por hora
864,504,2024-09-19,Exitoso,1,Dispositivo bloqueado
864,377,2025-08-29,Fallido,9,Contraseña incorrecta
865,242,2023-09-12,Exitoso,5,Contraseña incorrecta
865,211,2024-01-07,Bloqueado,3,Limitado por hora
865,12,2022-02-03,Fallido,3,Dispositivo bloqueado
865,85,2023-03-06,Fallido,3,Limitado por hora
866,336,2024-12-29,Fallido,2,Contraseña incorrecta
866,101,2022-05-14,Bloqueado,5,Sin problema
867,514,2024-08-14,Fallido,3,Limitado por hora
867,117,2023-12-12,Bloqueado,5,Limitado por hora
867,120,2022-12-15,Exitoso,7,Contraseña incorrecta
868,384,2024-07-20,Bloqueado,4,Contraseña incorrecta
868,189,2022-03-09,Exitoso,7,Sin problema
868,116,2025-08-14,Bloqueado,10,Contraseña incorrecta
868,446,2025-02-07,Bloqueado,6,Contraseña incorrecta
869,291,2025-01-10,Exitoso,3,Contraseña incorrecta
869,237,2025-07-24,Fallido,3,Contraseña incorrecta
869,327,2024-11-23,Bloqueado,5,Dispositivo bloqueado
869,444,2023-04-28,Bloqueado,4,Dispositivo bloqueado
870,64,2024-07-11,Fallido,10,Sin problema
870,403,2025-06-04,Bloqueado,2,Dispositivo bloqueado
870,335,2023-10-25,Fallido,2,Contraseña incorrecta
870,439,2025-11-30,Exitoso,5,Limitado por hora
871,120,2025-07-21,Exitoso,5,Contraseña incorrecta
871,276,2022-10-08,Fallido,9,Dispositivo bloqueado
871,403,2024-02-06,Bloqueado,10,Contraseña incorrecta
872,251,2023-11-25,Fallido,2,Limitado por hora
872,444,2025-01-25,Bloqueado,6,Contraseña incorrecta
873,277,2022-02-15,Bloqueado,5,Limitado por hora
873,476,2022-10-30,Fallido,10,Limitado por hora
873,158,2024-11-12,Exitoso,10,Contraseña incorrecta
874,469,2022-05-31,Fallido,1,Sin problema
874,292,2024-02-11,Fallido,1,Limitado por hora
874,555,2022-07-25,Fallido,4,Limitado por hora
874,113,2024-11-08,Bloqueado,6,Limitado por hora
875,153,2023-07-09,Fallido,3,Sin problema
875,400,2023-08-22,Exitoso,1,Sin problema
875,114,2024-11-25,Exitoso,9,Contraseña incorrecta
876,259,2025-07-15,Bloqueado,6,Contraseña incorrecta
876,86,2022-06-17,Bloqueado,3,Sin problema
876,374,2025-03-26,Fallido,7,Contraseña incorrecta
877,254,2025-02-25,Exitoso,8,Dispositivo bloqueado
877,152,2024-06-15,Fallido,10,Sin problema
878,479,2024-08-14,Exitoso,7,Sin problema
879,235,2023-02-07,Fallido,1,Sin problema
879,242,2024-02-16,Exitoso,10,Limitado por hora
879,348,2022-05-09,Fallido,4,Limitado por hora
880,441,2023-01-12,Bloqueado,7,Sin problema
880,354,2023-10-02,Bloqueado,6,Contraseña incorrecta
880,77,2025-04-21,Exitoso,10,Contraseña incorrecta
881,486,2022-09-12,Exitoso,6,Dispositivo bloqueado
881,12,2023-08-28,Fallido,7,Sin problema
881,520,2025-09-08,Exitoso,1,Limitado por hora
881,253,2023-11-07,Fallido,7,Sin problema
882,500,2025-04-05,Fallido,5,Sin problema
883,448,2024-11-22,Fallido,7,Dispositivo bloqueado
883,265,2025-05-02,Bloqueado,3,Dispositivo bloqueado
883,348,2025-03-26,Exitoso,4,Dispositivo bloqueado
883,546,2024-10-28,Fallido,10,Dispositivo bloqueado
884,417,2025-01-24,Exitoso,1,Contraseña incorrecta
884,182,2022-01-31,Bloqueado,10,Limitado por hora
884,433,2023-07-17,Fallido,6,Contraseña incorrecta
885,510,2025-09-24,Fallido,10,Dispositivo bloqueado
886,137,2025-11-06,Bloqueado,8,Dispositivo bloqueado
886,131,2023-03-19,Exitoso,5,Sin problema
886,157,2025-01-22,Bloqueado,4,Dispositivo bloqueado
886,244,2025-07-28,Fallido,1,Contraseña incorrecta
887,349,2023-01-18,Fallido,10,Limitado por hora
887,525,2024-02-06,Fallido,6,Contraseña incorrecta
887,67,2024-02-23,Bloqueado,10,Sin problema
887,194,2025-06-27,Fallido,7,Contraseña incorrecta
888,131,2024-09-18,Fallido,7,Sin problema
888,386,2023-03-22,Bloqueado,9,Dispositivo bloqueado
889,124,2024-07-28,Exitoso,3,Dispositivo bloqueado
890,179,2023-10-28,Fallido,5,Sin problema
891,214,2023-01-03,Fallido,7,Sin problema
891,387,2023-04-10,Bloqueado,9,Sin problema
891,537,2022-01-12,Bloqueado,6,Dispositivo bloqueado
892,177,2022-03-13,Fallido,1,Contraseña incorrecta
892,405,2022-04-19,Exitoso,8,Dispositivo bloqueado
892,591,2023-03-16,Fallido,1,Limitado por hora
893,499,2024-07-17,Exitoso,4,Contraseña incorrecta
894,467,2023-12-21,Exitoso,2,Contraseña incorrecta
895,573,2024-05-31,Fallido,8,Limitado por hora
895,571,2022-08-19,Exitoso,4,Contraseña incorrecta
895,63,2022-10-09,Exitoso,5,Sin problema
896,499,2023-04-01,Bloqueado,3,Sin problema
897,330,2025-11-27,Fallido,4,Sin problema
897,147,2023-06-17,Bloqueado,7,Limitado por hora
897,257,2022-01-20,Bloqueado,1,Dispositivo bloqueado
898,308,2023-05-15,Fallido,9,Sin problema
899,72,2022-08-28,Bloqueado,6,Limitado por hora
899,230,2024-05-08,Exitoso,7,Contraseña incorrecta
899,271,2022-03-23,Fallido,2,Contraseña incorrecta
900,48,2023-12-17,Fallido,3,Contraseña incorrecta
901,211,2023-01-19,Fallido,10,Sin problema
901,520,2022-12-16,Exitoso,4,Sin problema
901,419,2024-09-22,Exitoso,7,Contraseña incorrecta
902,564,2022-05-15,Bloqueado,8,Dispositivo bloqueado
902,316,2025-02-12,Exitoso,5,Dispositivo bloqueado
902,133,2025-08-23,Bloqueado,4,Contraseña incorrecta
902,353,2022-11-15,Bloqueado,2,Dispositivo bloqueado
903,51,2022-10-16,Exitoso,3,Dispositivo bloqueado
903,508,2023-09-20,Fallido,9,Limitado por hora
903,582,2022-09-29,Fallido,2,Dispositivo bloqueado
903,363,2022-05-27,Exitoso,8,Sin problema
904,360,2025-12-26,Bloqueado,10,Limitado por hora
904,469,2025-01-15,Bloqueado,1,Limitado por hora
905,103,2024-07-26,Bloqueado,7,Limitado por hora
905,230,2025-06-15,Exitoso,7,Contraseña incorrecta
905,585,2023-09-09,Bloqueado,10,Dispositivo bloqueado
906,190,2022-03-03,Exitoso,1,Contraseña incorrecta
906,325,2022-12-01,Exitoso,1,Dispositivo bloqueado
906,554,2022-07-17,Exitoso,5,Limitado por hora
906,542,2025-07-19,Exitoso,4,Contraseña incorrecta
907,76,2023-03-10,Bloqueado,7,Contraseña incorrecta
907,296,2025-03-23,Exitoso,4,Dispositivo bloqueado
908,286,2025-05-28,Exitoso,8,Sin problema
908,46,2023-07-25,Exitoso,8,Limitado por hora
909,570,2023-11-12,Bloqueado,2,Sin problema
909,256,2025-08-23,Exitoso,2,Limitado por hora
910,43,2023-07-02,Exitoso,4,Limitado por hora
910,410,2022-09-23,Exitoso,2,Sin problema
910,448,2025-06-09,Exitoso,5,Contraseña incorrecta
911,111,2023-09-15,Bloqueado,9,Contraseña incorrecta
912,591,2022-08-18,Exitoso,1,Limitado por hora
913,260,2023-08-12,Exitoso,9,Dispositivo bloqueado
913,22,2022-05-22,Bloqueado,7,Limitado por hora
914,81,2023-11-28,Exitoso,10,Dispositivo bloqueado
914,507,2023-11-08,Fallido,9,Sin problema
914,76,2025-08-18,Exitoso,5,Contraseña incorrecta
915,347,2023-04-02,Exitoso,10,Contraseña incorrecta
916,266,2025-04-12,Exitoso,10,Contraseña incorrecta
917,161,2023-03-02,Fallido,10,Limitado por hora
917,249,2023-07-22,Bloqueado,8,Contraseña incorrecta
918,171,2023-07-08,Fallido,2,Contraseña incorrecta
918,586,2022-07-13,Fallido,6,Contraseña incorrecta
918,455,2025-10-12,Fallido,4,Sin problema
918,558,2024-08-31,Bloqueado,3,Dispositivo bloqueado
919,240,2024-03-22,Fallido,9,Sin problema
920,170,2025-09-23,Fallido,5,Sin problema
921,276,2025-07-11,Bloqueado,7,Limitado por hora
921,433,2024-01-20,Exitoso,8,Contraseña incorrecta
921,496,2024-10-19,Bloqueado,6,Contraseña incorrecta
921,161,2025-03-29,Exitoso,3,Contraseña incorrecta
922,333,2023-11-12,Fallido,5,Dispositivo bloqueado
922,112,2023-06-18,Bloqueado,4,Sin problema
922,32,2022-05-29,Bloqueado,6,Sin problema
922,224,2025-02-21,Exitoso,5,Sin problema
923,49,2025-04-11,Exitoso,3,Contraseña incorrecta
923,317,2023-02-17,Fallido,5,Dispositivo bloqueado
924,393,2024-05-19,Exitoso,1,Sin problema
924,388,2024-05-23,Bloqueado,6,Sin problema
924,294,2025-06-07,Fallido,1,Limitado por hora
925,309,2023-09-30,Fallido,6,Sin problema
925,340,2024-08-06,Exitoso,8,Contraseña incorrecta
925,238,2022-04-14,Exitoso,3,Contraseña incorrecta
925,285,2025-03-29,Bloqueado,3,Dispositivo bloqueado
926,340,2023-11-03,Exitoso,8,Dispositivo bloqueado
926,176,2025-06-19,Bloqueado,9,Contraseña incorrecta
926,558,2022-02-11,Exitoso,8,Dispositivo bloqueado
927,31,2022-04-18,Exitoso,2,Sin problema
927,337,2024-06-06,Bloqueado,10,Limitado por hora
927,486,2025-05-08,Exitoso,4,Limitado por hora
928,386,2023-09-15,Fallido,3,Contraseña incorrecta
928,118,2024-04-04,Bloqueado,7,Contraseña incorrecta
928,513,2024-06-04,Bloqueado,8,Limitado por hora
929,301,2024-10-21,Fallido,10,Limitado por hora
929,193,2024-01-10,Fallido,3,Contraseña incorrecta
930,87,2023-10-09,Exitoso,7,Sin problema
930,369,2025-11-10,Fallido,10,Dispositivo bloqueado
931,321,2024-07-25,Fallido,9,Sin problema
932,37,2022-06-08,Bloqueado,6,Dispositivo bloqueado
933,471,2024-01-07,Exitoso,3,Dispositivo bloqueado
933,381,2024-10-01,Exitoso,8,Dispositivo bloqueado
933,524,2022-03-19,Bloqueado,1,Contraseña incorrecta
934,229,2022-12-11,Bloqueado,8,Sin problema
935,535,2025-03-29,Fallido,2,Limitado por hora
935,540,2023-04-26,Exitoso,3,Dispositivo bloqueado
935,60,2025-05-10,Bloqueado,2,Dispositivo bloqueado
935,370,2024-07-15,Exitoso,3,Contraseña incorrecta
936,189,2023-05-12,Bloqueado,3,Limitado por hora
936,38,2022-07-04,Fallido,6,Dispositivo bloqueado
937,403,2025-06-30,Bloqueado,9,Contraseña incorrecta
937,172,2022-05-04,Bloqueado,10,Sin problema
938,280,2022-11-02,Exitoso,5,Contraseña incorrecta
938,39,2024-05-06,Exitoso,9,Dispositivo bloqueado
939,416,2025-11-25,Bloqueado,8,Contraseña incorrecta
939,449,2024-11-12,Fallido,8,Contraseña incorrecta
939,24,2022-10-02,Bloqueado,4,Dispositivo bloqueado
940,492,2025-11-29,Fallido,2,Dispositivo bloqueado
940,404,2024-08-22,Exitoso,4,Sin problema
940,158,2022-09-08,Exitoso,8,Sin problema
941,535,2023-03-11,Exitoso,8,Dispositivo bloqueado
942,199,2022-08-28,Fallido,10,Dispositivo bloqueado
943,275,2023-05-11,Fallido,2,Sin problema
943,370,2025-07-19,Fallido,7,Dispositivo bloqueado
943,86,2024-02-05,Exitoso,3,Sin problema
943,524,2024-04-01,Fallido,6,Contraseña incorrecta
944,589,2023-09-13,Exitoso,6,Sin problema
945,419,2023-05-19,Bloqueado,7,Sin problema
945,566,2025-09-01,Bloqueado,1,Dispositivo bloqueado
945,309,2022-01-17,Bloqueado,4,Sin problema
945,200,2022-10-21,Fallido,4,Dispositivo bloqueado
946,338,2025-04-23,Bloqueado,6,Contraseña incorrecta
946,460,2023-01-06,Exitoso,6,Limitado por hora
946,17,2022-01-07,Bloqueado,7,Dispositivo bloqueado
947,3,2025-05-26,Exitoso,3,Dispositivo bloqueado
947,582,2024-10-04,Exitoso,10,Limitado por hora
948,49,2024-07-01,Exitoso,1,Limitado por hora
948,23,2022-07-24,Bloqueado,2,Contraseña incorrecta
948,5,2023-04-04,Exitoso,3,Contraseña incorrecta
948,164,2023-05-27,Fallido,5,Contraseña incorrecta
949,506,2023-06-16,Fallido,4,Limitado por hora
949,344,2024-03-28,Exitoso,3,Limitado por hora
950,320,2022-07-24,Exitoso,2,Limitado por hora
950,226,2024-11-06,Exitoso,5,Dispositivo bloqueado
950,598,2024-02-23,Exitoso,3,Contraseña incorrecta
950,500,2022-10-21,Fallido,9,Dispositivo bloqueado
951,586,2024-05-25,Bloqueado,1,Limitado por hora
951,56,2024-07-28,Bloqueado,4,Sin problema
952,359,2022-07-15,Fallido,1,Limitado por hora
953,62,2024-12-23,Exitoso,7,Dispositivo bloqueado
954,350,2025-03-23,Bloqueado,9,Dispositivo bloqueado
954,65,2024-01-18,Bloqueado,4,Contraseña incorrecta
955,175,2025-02-17,Exitoso,6,Contraseña incorrecta
956,155,2025-08-25,Fallido,10,Dispositivo bloqueado
956,10,2025-12-13,Exitoso,6,Contraseña incorrecta
956,546,2022-01-30,Exitoso,7,Dispositivo bloqueado
957,126,2025-07-05,Fallido,8,Limitado por hora
957,596,2023-03-10,Bloqueado,3,Dispositivo bloqueado
957,413,2025-12-22,Bloqueado,7,Dispositivo bloqueado
957,175,2024-12-07,Bloqueado,7,Contraseña incorrecta
958,522,2022-01-23,Exitoso,3,Limitado por hora
958,387,2025-03-13,Bloqueado,10,Contraseña incorrecta
958,56,2022-03-11,Fallido,5,Limitado por hora
958,413,2023-07-27,Exitoso,5,Dispositivo bloqueado
959,146,2025-02-25,Exitoso,9,Sin problema
959,527,2023-01-28,Exitoso,6,Dispositivo bloqueado
959,85,2022-11-21,Fallido,7,Sin problema
960,550,2023-01-08,Fallido,3,Limitado por hora
960,190,2022-08-19,Exitoso,7,Sin problema
960,571,2024-03-18,Fallido,1,Contraseña incorrecta
960,133,2025-04-15,Fallido,4,Sin problema
961,365,2022-04-09,Exitoso,3,Dispositivo bloqueado
961,62,2023-08-29,Bloqueado,1,Contraseña incorrecta
961,320,2022-07-18,Fallido,7,Sin problema
961,500,2022-08-22,Exitoso,8,Limitado por hora
962,222,2024-11-30,Fallido,5,Sin problema
962,269,2024-08-11,Exitoso,5,Contraseña incorrecta
962,45,2025-09-14,Bloqueado,7,Limitado por hora
962,305,2024-10-07,Bloqueado,9,Limitado por hora
963,373,2025-12-02,Bloqueado,5,Contraseña incorrecta
963,15,2025-12-09,Bloqueado,2,Contraseña incorrecta
964,397,2025-05-22,Fallido,2,Dispositivo bloqueado
964,250,2025-09-09,Fallido,5,Contraseña incorrecta
965,517,2024-08-22,Exitoso,6,Sin problema
966,151,2022-05-14,Fallido,3,Dispositivo bloqueado
966,228,2022-12-22,Exitoso,5,Sin problema
967,17,2025-08-21,Fallido,5,Contraseña incorrecta
967,544,2023-05-13,Fallido,2,Limitado por hora
967,144,2023-05-12,Exitoso,6,Contraseña incorrecta
968,283,2023-09-24,Exitoso,3,Sin problema
968,202,2023-03-08,Exitoso,3,Limitado por hora
968,434,2022-02-11,Exitoso,10,Contraseña incorrecta
968,127,2025-02-26,Exitoso,7,Dispositivo bloqueado
969,398,2023-06-13,Exitoso,9,Dispositivo bloqueado
970,65,2022-10-12,Bloqueado,10,Limitado por hora
970,414,2025-12-09,Exitoso,2,Sin problema
970,331,2024-11-07,Exitoso,1,Limitado por hora
971,599,2022-03-01,Bloqueado,5,Limitado por hora
971,205,2023-10-10,Exitoso,8,Limitado por hora
971,239,2022-08-12,Bloqueado,9,Dispositivo bloqueado
971,242,2024-08-16,Fallido,6,Contraseña incorrecta
972,360,2025-05-03,Bloqueado,5,Sin problema
972,584,2023-10-08,Bloqueado,4,Contraseña incorrecta
973,273,2025-10-23,Bloqueado,4,Contraseña incorrecta
973,336,2022-02-09,Fallido,10,Dispositivo bloqueado
974,250,2023-03-23,Bloqueado,9,Sin problema
974,165,2023-10-26,Fallido,8,Sin problema
974,181,2024-08-27,Bloqueado,1,Limitado por hora
975,258,2023-09-26,Bloqueado,6,Limitado por hora
975,495,2025-01-25,Bloqueado,7,Contraseña incorrecta
975,408,2024-10-21,Fallido,6,Sin problema
975,151,2024-09-10,Exitoso,2,Sin problema
976,432,2022-04-25,Fallido,4,Limitado por hora
976,13,2025-12-02,Bloqueado,6,Dispositivo bloqueado
977,366,2024-04-18,Bloqueado,6,Sin problema
977,343,2023-07-13,Bloqueado,2,Dispositivo bloqueado
977,181,2023-03-28,Bloqueado,9,Limitado por hora
978,314,2023-10-08,Exitoso,10,Dispositivo bloqueado
979,231,2025-07-30,Bloqueado,9,Contraseña incorrecta
980,364,2024-11-20,Exitoso,5,Sin problema
980,87,2025-07-26,Exitoso,2,Sin problema
981,353,2022-03-13,Bloqueado,5,Dispositivo bloqueado
982,556,2022-07-28,Fallido,5,Dispositivo bloqueado
982,517,2025-11-10,Bloqueado,1,Sin problema
983,407,2025-12-05,Exitoso,6,Dispositivo bloqueado
984,593,2024-10-02,Exitoso,7,Contraseña incorrecta
985,280,2024-01-02,Fallido,7,Dispositivo bloqueado
985,565,2022-11-21,Fallido,8,Limitado por hora
985,571,2022-10-06,Bloqueado,6,Dispositivo bloqueado
986,511,2022-09-30,Exitoso,1,Dispositivo bloqueado
986,45,2022-09-05,Bloqueado,2,Limitado por hora
986,23,2022-02-15,Exitoso,7,Dispositivo bloqueado
987,488,2024-07-27,Fallido,7,Sin problema
987,599,2022-12-29,Exitoso,3,Limitado por hora
987,412,2023-05-23,Fallido,8,Dispositivo bloqueado
987,356,2024-01-10,Bloqueado,8,Dispositivo bloqueado
988,107,2025-10-24,Bloqueado,10,Contraseña incorrecta
988,393,2024-02-22,Fallido,2,Sin problema
989,169,2024-01-04,Exitoso,6,Contraseña incorrecta
989,139,2025-05-27,Exitoso,9,Limitado por hora
989,171,2025-03-22,Bloqueado,2,Limitado por hora
989,599,2023-02-16,Bloqueado,8,Dispositivo bloqueado
990,465,2025-07-23,Exitoso,8,Dispositivo bloqueado
990,102,2023-03-20,Exitoso,6,Limitado por hora
991,24,2024-08-24,Exitoso,4,Dispositivo bloqueado
991,488,2025-09-26,Fallido,9,Dispositivo bloqueado
992,54,2024-06-28,Bloqueado,5,Dispositivo bloqueado
992,253,2025-06-13,Exitoso,5,Sin problema
992,106,2023-01-14,Exitoso,7,Dispositivo bloqueado
993,186,2025-08-17,Bloqueado,6,Sin problema
993,385,2025-03-20,Fallido,8,Contraseña incorrecta
993,7,2024-03-24,Fallido,8,Dispositivo bloqueado
993,6,2025-12-28,Fallido,6,Sin problema
994,488,2023-10-09,Exitoso,2,Limitado por hora
994,1,2023-10-24,Fallido,8,Sin problema
995,492,2024-11-07,Fallido,2,Contraseña incorrecta
995,238,2024-09-09,Bloqueado,3,Limitado por hora
995,243,2024-01-11,Fallido,7,Dispositivo bloqueado
996,260,2022-11-07,Bloqueado,7,Dispositivo bloqueado
996,218,2025-06-20,Bloqueado,10,Sin problema
996,321,2023-08-05,Fallido,2,Limitado por hora
996,450,2023-06-04,Bloqueado,2,Limitado por hora
997,500,2023-08-03,Bloqueado,5,Limitado por hora
997,122,2025-11-13,Fallido,2,Limitado por hora
997,15,2022-02-05,Bloqueado,1,Dispositivo bloqueado
997,291,2023-02-22,Fallido,9,Contraseña incorrecta
998,109,2022-01-04,Exitoso,7,Limitado por hora
998,35,2024-07-03,Bloqueado,7,Sin problema
998,253,2025-11-05,Fallido,6,Contraseña incorrecta
999,33,2025-09-03,Bloqueado,8,Contraseña incorrecta
1000,90,2024-01-07,Exitoso,8,Dispositivo bloqueado
1000,158,2022-06-24,Exitoso,9,Sin problema
1000,252,2023-02-16,Exitoso,10,Dispositivo bloqueado
