id_transaccion,monto,fecha,tipo,es_fraudulenta,moneda,descripcion,canal,id_cuenta_origen,id_cuenta_destino,id_dispositivo,id_ubicacion
1,32354.33,2023-04-20,Compra,True,GTQ,TXN-000001,App Móvil,978,584,87,148
2,18543.07,2025-06-22,Pago,False,USD,TXN-000002,Web,450,504,306,119
3,47482.39,2022-01-12,Préstamo,False,GTQ,TXN-000003,Sucursal,192,178,22,136
4,24297.82,2024-03-30,Retiro,True,MXN,TXN-000004,App Móvil,295,945,429,15
5,43516.72,2023-03-24,Préstamo,False,COP,TXN-000005,ATM,971,893,11,4
6,11421.18,2023-07-10,Depósito,False,GTQ,TXN-000006,Sucursal,1173,667,436,169
7,33668.1,2023-02-10,Depósito,False,GTQ,TXN-000007,App Móvil,301,457,266,73
8,48250.23,2023-02-14,Préstamo,False,GTQ,TXN-000008,Sucursal,1460,191,358,71
9,45770.51,2023-01-01,Depósito,False,MXN,TXN-000009,Sucursal,590,239,536,93
10,44715.84,2024-05-14,Préstamo,False,USD,TXN-000010,ATM,977,861,300,47
11,40941.28,2022-05-23,Depósito,False,EUR,TXN-000011,ATM,1278,93,103,131
12,998.44,2024-10-09,Compra,False,COP,TXN-000012,Telefónico,1128,904,194,45
13,9145.78,2023-08-11,Compra,False,USD,TXN-000013,Sucursal,614,1429,316,69
14,38431.44,2023-07-05,Retiro,False,MXN,TXN-000014,ATM,548,160,202,129
15,12783.87,2022-01-23,Pago,False,EUR,TXN-000015,ATM,797,1173,549,95
16,42104.91,2025-02-19,Compra,False,GTQ,TXN-000016,ATM,462,776,479,45
17,21699.33,2022-05-10,Préstamo,False,GTQ,TXN-000017,App Móvil,406,1057,348,59
18,31294.81,2023-07-03,Pago,False,GTQ,TXN-000018,Sucursal,1026,691,286,61
19,30174.26,2022-03-08,Compra,False,USD,TXN-000019,Sucursal,658,1209,547,20
20,21372.78,2025-08-19,Préstamo,False,MXN,TXN-000020,App Móvil,537,1377,301,57
21,47809.69,2023-07-19,Pago,False,MXN,TXN-000021,App Móvil,934,1035,406,187
22,27116.19,2025-08-27,Retiro,False,MXN,TXN-000022,ATM,769,169,425,120
23,43843.19,2024-04-07,Compra,False,GTQ,TXN-000023,ATM,270,1392,305,178
24,18644.62,2025-06-01,Compra,False,GTQ,TXN-000024,App Móvil,179,1064,153,116
25,8355.19,2022-01-23,Compra,False,EUR,TXN-000025,ATM,974,1425,42,179
26,42064.47,2022-02-11,Retiro,False,USD,TXN-000026,ATM,931,1331,422,193
27,16879.67,2025-12-16,Pago,True,MXN,TXN-000027,ATM,878,69,436,152
28,10571.59,2025-08-13,Depósito,False,USD,TXN-000028,App Móvil,1043,504,415,121
29,27404.2,2023-01-11,Depósito,False,MXN,TXN-000029,Sucursal,1436,247,589,165
30,30719.28,2024-07-14,Compra,False,COP,TXN-000030,Sucursal,576,167,337,56
31,33815.88,2022-04-06,Depósito,False,MXN,TXN-000031,Web,1029,675,587,107
32,33990.07,2024-11-20,Préstamo,False,COP,TXN-000032,Telefónico,419,624,494,103
33,39943.01,2022-02-14,Préstamo,False,EUR,TXN-000033,Telefónico,50,645,142,36
34,22776.01,2025-02-22,Depósito,False,GTQ,TXN-000034,Telefónico,242,1423,412,175
35,1496.68,2023-01-18,Transferencia,False,GTQ,TXN-000035,Sucursal,1482,907,167,148
36,23733.58,2025-04-03,Compra,False,USD,TXN-000036,Telefónico,1385,31,83,173
37,46525.13,2025-02-24,Pago,False,MXN,TXN-000037,ATM,1161,1099,209,198
38,4530.95,2022-01-13,Compra,False,MXN,TXN-000038,ATM,478,950,269,44
39,14603.92,2025-11-25,Compra,True,COP,TXN-000039,Web,830,1203,90,173
40,15131.32,2025-05-16,Préstamo,False,GTQ,TXN-000040,App Móvil,487,670,290,92
41,48919.95,2024-02-19,Compra,False,USD,TXN-000041,App Móvil,1159,1251,349,138
42,109.57,2025-05-28,Compra,False,USD,TXN-000042,ATM,900,389,238,144
43,32937.86,2022-04-22,Préstamo,False,USD,TXN-000043,App Móvil,1050,570,478,186
44,20720.12,2022-01-12,Depósito,False,MXN,TXN-000044,ATM,1104,229,228,174
45,44152.58,2022-04-17,Transferencia,False,MXN,TXN-000045,ATM,234,704,595,186
46,45063.61,2022-07-10,Retiro,False,GTQ,TXN-000046,Web,1348,291,460,199
47,23802.94,2022-11-16,Depósito,False,EUR,TXN-000047,App Móvil,95,235,457,13
48,25663.74,2024-11-26,Préstamo,False,GTQ,TXN-000048,Sucursal,417,64,164,103
49,8288.56,2025-01-31,Pago,False,EUR,TXN-000049,ATM,308,1083,540,84
50,42534.44,2024-11-23,Compra,False,COP,TXN-000050,ATM,62,1353,579,48
51,23351.66,2022-06-04,Depósito,False,COP,TXN-000051,App Móvil,1314,1325,434,152
52,35964.43,2024-02-28,Transferencia,False,USD,TXN-000052,Sucursal,1404,231,416,101
53,27877.89,2022-02-04,Pago,False,COP,TXN-000053,App Móvil,272,32,468,15
54,49713.33,2025-10-09,Retiro,False,EUR,TXN-000054,ATM,1302,359,224,84
55,31514.4,2023-06-03,Retiro,False,COP,TXN-000055,Sucursal,1219,782,7,21
56,36791.88,2025-09-17,Préstamo,False,USD,TXN-000056,ATM,366,23,167,169
57,20397.01,2022-07-04,Pago,True,USD,TXN-000057,Sucursal,766,441,373,64
58,27570.47,2024-07-13,Depósito,False,GTQ,TXN-000058,Web,19,375,386,167
59,6601.64,2023-05-12,Depósito,False,EUR,TXN-000059,Web,920,2,316,11
60,11123.07,2023-06-08,Compra,False,GTQ,TXN-000060,Telefónico,721,727,451,95
61,823.25,2024-03-30,Préstamo,False,EUR,TXN-000061,Telefónico,571,1392,560,38
62,43715.17,2024-10-17,Pago,False,COP,TXN-000062,ATM,244,722,284,183
63,7621.99,2022-09-18,Pago,False,MXN,TXN-000063,App Móvil,820,842,391,104
64,38775.39,2024-04-15,Retiro,False,COP,TXN-000064,App Móvil,950,1238,133,96
65,28351.71,2025-09-27,Pago,False,USD,TXN-000065,App Móvil,1191,636,263,48
66,19353.71,2024-04-21,Compra,False,COP,TXN-000066,Web,1239,1075,12,99
67,3642.85,2025-03-11,Compra,False,MXN,TXN-000067,Web,854,816,194,89
68,49263.48,2025-05-15,Préstamo,False,USD,TXN-000068,Telefónico,773,1250,562,64
69,37577.27,2024-03-29,Compra,False,COP,TXN-000069,Sucursal,442,657,508,116
70,18614.73,2022-01-26,Retiro,False,GTQ,TXN-000070,Web,1252,384,261,135
71,26167.63,2023-05-31,Compra,False,USD,TXN-000071,App Móvil,354,101,336,52
72,37304.32,2025-05-12,Transferencia,False,USD,TXN-000072,Web,1236,1082,413,3
73,44841.27,2022-04-12,Préstamo,False,MXN,TXN-000073,Sucursal,61,10,151,158
74,47829.64,2025-08-28,Préstamo,False,USD,TXN-000074,App Móvil,1484,138,292,188
75,10894.18,2023-02-23,Compra,False,COP,TXN-000075,Sucursal,1156,145,330,39
76,23509.16,2025-06-09,Compra,True,MXN,TXN-000076,ATM,1302,1114,393,77
77,46991.68,2022-01-24,Retiro,False,COP,TXN-000077,Web,328,1367,57,133
78,16848.31,2025-03-13,Depósito,False,MXN,TXN-000078,Sucursal,375,479,105,160
79,45288.15,2025-03-10,Compra,False,GTQ,TXN-000079,ATM,535,1145,412,137
80,4267.9,2023-05-19,Préstamo,False,GTQ,TXN-000080,Sucursal,270,9,419,105
81,21536.37,2024-09-10,Pago,False,EUR,TXN-000081,App Móvil,206,1078,318,64
82,12888.8,2023-10-14,Pago,False,GTQ,TXN-000082,Web,630,1006,494,170
83,42522.51,2022-04-17,Depósito,False,MXN,TXN-000083,Sucursal,1268,647,202,165
84,24821.49,2022-05-08,Pago,False,MXN,TXN-000084,App Móvil,348,151,590,196
85,48300.25,2023-11-15,Compra,False,COP,TXN-000085,Telefónico,1359,368,73,152
86,24219.12,2022-03-24,Pago,False,EUR,TXN-000086,Web,407,1057,301,80
87,14337.69,2023-07-09,Depósito,False,MXN,TXN-000087,App Móvil,564,919,455,192
88,43301.41,2023-10-08,Transferencia,False,GTQ,TXN-000088,Sucursal,1095,852,424,83
89,3573.91,2022-03-11,Préstamo,False,COP,TXN-000089,ATM,157,1246,92,124
90,48051.07,2025-01-07,Compra,False,EUR,TXN-000090,App Móvil,1424,490,275,91
91,48580.31,2022-05-31,Compra,True,EUR,TXN-000091,Telefónico,786,395,2,89
92,37101.96,2022-07-15,Retiro,False,MXN,TXN-000092,ATM,710,1116,278,184
93,33457.15,2025-09-26,Transferencia,False,MXN,TXN-000093,App Móvil,1269,804,504,122
94,14259.97,2022-01-26,Préstamo,False,EUR,TXN-000094,ATM,6,104,320,31
95,49235.75,2023-05-25,Compra,False,COP,TXN-000095,Web,1106,566,183,21
96,34051.82,2024-03-17,Pago,False,GTQ,TXN-000096,Web,1106,50,527,96
97,19973.02,2025-07-10,Préstamo,False,GTQ,TXN-000097,Sucursal,1115,1136,547,139
98,19593.19,2025-11-30,Retiro,False,GTQ,TXN-000098,Sucursal,26,311,290,178
99,30019.65,2023-04-30,Retiro,False,MXN,TXN-000099,Web,896,1453,205,15
100,49272.83,2022-02-12,Compra,False,COP,TXN-000100,App Móvil,389,1239,443,125
101,35994.51,2024-09-16,Transferencia,False,COP,TXN-000101,Web,88,1036,43,174
102,29978.27,2025-01-12,Préstamo,False,EUR,TXN-000102,Web,1466,241,81,24
103,42809.38,2024-03-09,Depósito,False,GTQ,TXN-000103,App Móvil,409,1395,344,138
104,16931.78,2022-11-30,Depósito,True,USD,TXN-000104,Web,565,1134,123,29
105,20169.86,2024-07-20,Préstamo,False,USD,TXN-000105,Web,1217,1344,19,81
106,45250.14,2024-09-01,Depósito,False,EUR,TXN-000106,ATM,463,1231,286,76
107,34914.21,2024-12-25,Préstamo,False,USD,TXN-000107,Web,984,1488,82,114
108,19526.17,2025-06-18,Compra,True,EUR,TXN-000108,Web,131,593,591,70
109,40197.29,2022-09-28,Depósito,False,USD,TXN-000109,Web,863,996,335,180
110,46143.23,2022-01-28,Pago,False,MXN,TXN-000110,App Móvil,1181,770,548,78
111,18704.78,2024-07-07,Transferencia,False,USD,TXN-000111,Sucursal,34,266,530,103
112,46407.04,2023-04-30,Transferencia,True,MXN,TXN-000112,Sucursal,100,678,245,112
113,2210.4,2025-08-05,Transferencia,False,MXN,TXN-000113,ATM,18,760,9,160
114,6042.94,2025-04-16,Transferencia,False,COP,TXN-000114,App Móvil,1117,1204,169,16
115,1450.34,2022-02-17,Compra,False,EUR,TXN-000115,ATM,486,1309,162,177
116,37851.24,2025-11-26,Compra,False,EUR,TXN-000116,Web,410,943,115,148
117,48459.1,2025-06-30,Préstamo,True,COP,TXN-000117,Sucursal,1330,383,45,35
118,45862.4,2023-08-28,Préstamo,False,EUR,TXN-000118,ATM,950,715,280,162
119,2201.8,2025-02-14,Compra,False,EUR,TXN-000119,ATM,1210,281,338,58
120,6226.54,2025-02-23,Transferencia,True,COP,TXN-000120,Telefónico,1053,186,399,90
121,26474.33,2023-08-03,Retiro,False,MXN,TXN-000121,Sucursal,1289,718,161,43
122,18556.02,2025-06-16,Depósito,False,GTQ,TXN-000122,ATM,1223,1405,418,98
123,48475.68,2024-05-10,Pago,False,EUR,TXN-000123,Telefónico,25,481,434,8
124,14823.67,2022-11-12,Depósito,False,MXN,TXN-000124,App Móvil,917,22,135,51
125,18304.96,2022-05-26,Retiro,False,USD,TXN-000125,App Móvil,724,129,70,113
126,36294.53,2024-05-16,Depósito,False,GTQ,TXN-000126,ATM,472,1392,434,14
127,22007.49,2022-09-22,Pago,True,EUR,TXN-000127,ATM,711,1079,77,54
128,16326.6,2023-06-28,Transferencia,False,MXN,TXN-000128,ATM,503,1210,375,55
129,40584.41,2024-08-15,Compra,False,GTQ,TXN-000129,ATM,199,1393,472,32
130,37925.98,2025-07-29,Compra,False,COP,TXN-000130,Sucursal,1173,164,446,191
131,20236.74,2023-11-08,Depósito,False,GTQ,TXN-000131,Telefónico,616,1472,241,50
132,30367.59,2025-10-05,Compra,False,MXN,TXN-000132,Sucursal,661,1462,561,2
133,23440.68,2023-05-13,Préstamo,False,MXN,TXN-000133,Sucursal,767,1407,91,139
134,42778.38,2022-07-25,Compra,False,USD,TXN-000134,Web,544,501,27,155
135,24448.56,2022-10-22,Préstamo,False,COP,TXN-000135,Sucursal,738,886,218,175
136,28280.47,2023-08-16,Retiro,False,GTQ,TXN-000136,Web,273,431,575,35
137,38156.7,2024-07-31,Depósito,False,COP,TXN-000137,Telefónico,660,492,192,67
138,23675.15,2025-12-23,Pago,False,USD,TXN-000138,Telefónico,339,900,347,167
139,6841.67,2022-02-14,Compra,False,GTQ,TXN-000139,ATM,289,96,1,17
140,9453.05,2022-12-25,Compra,False,EUR,TXN-000140,ATM,867,1264,142,55
141,32995.55,2024-12-11,Pago,False,COP,TXN-000141,App Móvil,609,1014,495,85
142,16419.5,2023-12-02,Pago,False,MXN,TXN-000142,App Móvil,658,173,454,83
143,34489.41,2023-02-18,Compra,False,USD,TXN-000143,App Móvil,894,1165,31,1
144,39432.24,2023-03-14,Préstamo,False,USD,TXN-000144,Web,1468,806,443,161
145,45681.41,2024-08-15,Depósito,False,USD,TXN-000145,Web,1485,309,78,107
146,34995.17,2024-03-26,Depósito,True,EUR,TXN-000146,Sucursal,1487,1037,29,114
147,27930.0,2024-02-15,Transferencia,True,EUR,TXN-000147,Telefónico,8,425,321,44
148,39809.48,2023-08-13,Transferencia,False,GTQ,TXN-000148,Sucursal,1278,1032,305,187
149,44891.36,2025-10-15,Préstamo,False,MXN,TXN-000149,Sucursal,110,271,376,130
150,22677.62,2025-03-11,Transferencia,False,MXN,TXN-000150,Web,343,877,15,11
151,20247.85,2025-09-18,Retiro,False,MXN,TXN-000151,ATM,502,1448,422,187
152,28688.09,2025-05-03,Depósito,False,COP,TXN-000152,Web,146,580,107,134
153,34952.15,2024-09-19,Préstamo,False,COP,TXN-000153,Telefónico,446,1203,285,154
154,29941.12,2024-05-25,Transferencia,False,COP,TXN-000154,Telefónico,159,528,323,81
155,29864.8,2023-03-02,Pago,False,MXN,TXN-000155,Sucursal,30,578,304,56
156,37267.63,2023-06-11,Depósito,False,GTQ,TXN-000156,Web,262,270,104,41
157,29290.33,2024-12-28,Préstamo,False,GTQ,TXN-000157,App Móvil,1472,1123,338,158
158,46639.95,2022-02-03,Transferencia,False,GTQ,TXN-000158,Web,591,1152,462,112
159,6882.16,2025-04-26,Compra,False,EUR,TXN-000159,Sucursal,1432,335,308,45
160,17056.99,2024-10-29,Préstamo,False,MXN,TXN-000160,App Móvil,1305,331,526,199
161,7075.78,2023-02-24,Depósito,False,COP,TXN-000161,Telefónico,1027,1078,495,15
162,27337.31,2022-05-19,Depósito,False,COP,TXN-000162,App Móvil,676,1347,394,179
163,10004.43,2025-03-24,Préstamo,False,EUR,TXN-000163,Sucursal,158,1498,314,120
164,26828.64,2023-07-10,Depósito,False,GTQ,TXN-000164,ATM,1178,1228,528,110
165,31180.37,2024-03-03,Pago,False,COP,TXN-000165,Web,1407,909,4,159
166,10074.52,2022-04-14,Compra,False,GTQ,TXN-000166,Telefónico,911,316,145,107
167,20044.8,2024-05-07,Retiro,True,EUR,TXN-000167,ATM,172,787,461,176
168,47554.65,2025-09-24,Compra,False,MXN,TXN-000168,ATM,1038,833,336,193
169,17609.73,2022-12-19,Retiro,False,MXN,TXN-000169,Sucursal,735,1011,282,2
170,19326.88,2024-12-03,Depósito,False,COP,TXN-000170,Web,15,108,299,175
171,3573.84,2023-06-07,Retiro,False,GTQ,TXN-000171,Web,118,732,180,66
172,3444.87,2025-06-06,Depósito,False,EUR,TXN-000172,App Móvil,620,533,148,52
173,20332.73,2024-05-22,Transferencia,False,COP,TXN-000173,Web,413,1084,326,121
174,3185.51,2023-05-18,Depósito,True,USD,TXN-000174,App Móvil,86,1496,306,69
175,25639.6,2022-12-22,Transferencia,False,EUR,TXN-000175,App Móvil,316,435,554,157
176,1529.54,2023-07-24,Préstamo,False,GTQ,TXN-000176,Web,1096,458,276,172
177,29198.25,2022-05-16,Compra,False,MXN,TXN-000177,Telefónico,1185,25,497,148
178,42036.57,2022-11-10,Compra,False,EUR,TXN-000178,App Móvil,998,277,215,93
179,13522.39,2023-10-13,Transferencia,True,MXN,TXN-000179,Web,798,1249,363,193
180,24612.23,2022-01-30,Compra,False,EUR,TXN-000180,Sucursal,774,1416,229,147
181,951.74,2025-07-10,Compra,False,GTQ,TXN-000181,Web,515,1387,443,1
182,30853.39,2025-08-25,Transferencia,False,USD,TXN-000182,App Móvil,346,1469,363,136
183,16612.86,2022-02-05,Depósito,False,USD,TXN-000183,ATM,1230,287,158,11
184,28180.43,2024-07-30,Depósito,False,EUR,TXN-000184,Telefónico,466,198,448,118
185,18271.33,2025-09-06,Retiro,False,GTQ,TXN-000185,Telefónico,743,1249,436,189
186,26138.81,2022-01-08,Compra,False,COP,TXN-000186,Web,548,1407,328,165
187,34819.61,2023-07-21,Transferencia,False,COP,TXN-000187,Sucursal,1065,812,163,63
188,8424.08,2022-03-05,Préstamo,False,EUR,TXN-000188,Telefónico,1325,451,386,184
189,8295.66,2024-09-11,Retiro,False,COP,TXN-000189,Web,1276,574,102,114
190,134.37,2025-04-24,Pago,False,GTQ,TXN-000190,ATM,395,1434,95,136
191,27048.71,2022-10-28,Depósito,False,EUR,TXN-000191,ATM,185,960,577,80
192,27442.48,2024-05-10,Pago,False,USD,TXN-000192,Web,849,1276,472,186
193,32691.63,2025-07-03,Compra,False,COP,TXN-000193,App Móvil,296,451,156,44
194,33968.69,2022-03-15,Préstamo,False,MXN,TXN-000194,ATM,467,966,280,183
195,31891.73,2025-02-04,Retiro,True,MXN,TXN-000195,Sucursal,1111,1286,595,83
196,3539.36,2024-05-11,Depósito,False,EUR,TXN-000196,ATM,1441,532,208,152
197,49441.76,2025-01-20,Compra,False,COP,TXN-000197,App Móvil,1075,159,464,192
198,25714.27,2022-05-13,Retiro,False,MXN,TXN-000198,Telefónico,431,948,60,143
199,18486.0,2025-12-29,Préstamo,False,MXN,TXN-000199,Web,1190,620,415,141
200,13186.09,2024-04-21,Pago,False,COP,TXN-000200,App Móvil,431,1036,160,5
201,19935.7,2025-04-30,Depósito,False,GTQ,TXN-000201,Web,1404,981,118,162
202,1402.59,2022-06-30,Compra,False,COP,TXN-000202,App Móvil,1368,1235,159,146
203,26154.51,2025-09-04,Transferencia,False,COP,TXN-000203,Web,1326,1106,28,167
204,45771.26,2025-05-05,Transferencia,False,GTQ,TXN-000204,App Móvil,1001,15,466,151
205,24057.57,2025-02-10,Pago,False,MXN,TXN-000205,Telefónico,271,450,237,58
206,25573.93,2024-06-13,Préstamo,False,EUR,TXN-000206,Telefónico,563,1447,466,12
207,15815.98,2023-11-03,Depósito,False,COP,TXN-000207,Telefónico,497,1462,424,133
208,49827.22,2023-12-27,Préstamo,False,MXN,TXN-000208,App Móvil,1495,462,499,114
209,38299.45,2025-09-09,Pago,False,GTQ,TXN-000209,ATM,484,208,338,88
210,34070.46,2024-06-20,Préstamo,False,GTQ,TXN-000210,ATM,1295,88,131,165
211,23927.27,2023-04-01,Compra,False,EUR,TXN-000211,ATM,192,1075,270,12
212,49092.96,2022-08-03,Transferencia,False,EUR,TXN-000212,App Móvil,638,753,316,124
213,45988.11,2022-11-09,Pago,False,EUR,TXN-000213,App Móvil,106,1335,204,103
214,5700.4,2024-03-16,Compra,False,COP,TXN-000214,App Móvil,1098,910,39,150
215,43918.29,2024-07-03,Compra,False,GTQ,TXN-000215,Web,1309,897,238,164
216,13357.81,2023-08-21,Retiro,False,MXN,TXN-000216,Sucursal,620,1286,589,76
217,40971.94,2024-05-25,Retiro,False,GTQ,TXN-000217,App Móvil,51,475,443,56
218,15971.71,2024-10-18,Compra,False,USD,TXN-000218,App Móvil,276,1256,364,150
219,22655.77,2025-05-16,Préstamo,False,USD,TXN-000219,Sucursal,1021,750,240,27
220,48086.98,2023-03-03,Préstamo,False,GTQ,TXN-000220,Web,1043,806,579,23
221,18420.76,2023-09-16,Préstamo,False,USD,TXN-000221,Web,679,1146,233,45
222,18802.0,2024-02-03,Transferencia,False,COP,TXN-000222,ATM,615,186,261,138
223,21648.69,2024-08-13,Pago,False,EUR,TXN-000223,ATM,507,1195,394,121
224,19444.92,2023-12-09,Préstamo,False,COP,TXN-000224,ATM,1453,522,558,73
225,46079.69,2025-06-02,Transferencia,False,MXN,TXN-000225,App Móvil,1332,169,453,1
226,47415.75,2022-06-07,Compra,False,GTQ,TXN-000226,Sucursal,690,27,579,142
227,41708.12,2022-07-22,Pago,False,EUR,TXN-000227,ATM,148,1323,492,99
228,35264.62,2025-02-25,Pago,False,MXN,TXN-000228,Sucursal,1432,120,295,7
229,40520.14,2025-01-02,Depósito,False,EUR,TXN-000229,Web,264,1212,207,198
230,21243.37,2023-12-14,Préstamo,False,GTQ,TXN-000230,Telefónico,59,311,600,99
231,5837.59,2024-05-01,Depósito,False,MXN,TXN-000231,Sucursal,1449,384,127,154
232,20699.01,2022-01-04,Pago,False,EUR,TXN-000232,Sucursal,774,851,247,72
233,6730.02,2022-09-20,Pago,False,USD,TXN-000233,ATM,357,66,558,11
234,36262.65,2025-02-08,Pago,False,MXN,TXN-000234,Sucursal,149,428,367,159
235,23722.91,2022-05-28,Retiro,False,USD,TXN-000235,ATM,34,193,283,104
236,14695.35,2023-03-09,Pago,False,EUR,TXN-000236,App Móvil,247,562,469,78
237,21719.71,2024-02-11,Transferencia,False,GTQ,TXN-000237,Telefónico,810,739,393,64
238,18986.71,2025-04-12,Retiro,True,MXN,TXN-000238,Telefónico,1003,263,343,92
239,31971.55,2024-06-17,Depósito,False,EUR,TXN-000239,App Móvil,1194,324,306,156
240,10824.43,2025-01-26,Retiro,False,GTQ,TXN-000240,Web,93,54,343,88
241,36103.1,2023-07-10,Retiro,False,EUR,TXN-000241,Telefónico,131,1493,409,124
242,26676.92,2025-03-18,Transferencia,False,EUR,TXN-000242,Sucursal,289,370,247,60
243,46258.32,2025-11-25,Transferencia,False,EUR,TXN-000243,Sucursal,136,518,300,149
244,17886.33,2025-11-27,Compra,False,MXN,TXN-000244,Telefónico,406,305,530,120
245,10690.68,2025-11-10,Transferencia,False,EUR,TXN-000245,App Móvil,1208,649,598,83
246,22046.2,2024-05-20,Transferencia,False,COP,TXN-000246,Web,585,500,54,179
247,25107.4,2025-11-27,Compra,True,MXN,TXN-000247,Web,1083,766,88,80
248,4224.54,2022-05-13,Retiro,False,USD,TXN-000248,Sucursal,423,1193,493,137
249,31569.05,2022-01-31,Depósito,False,COP,TXN-000249,App Móvil,845,350,562,117
250,30760.82,2024-12-10,Retiro,False,MXN,TXN-000250,ATM,200,93,132,85
251,20333.24,2022-01-05,Pago,False,MXN,TXN-000251,Telefónico,931,109,203,63
252,18620.66,2025-12-18,Préstamo,False,USD,TXN-000252,App Móvil,1478,148,414,9
253,9769.93,2024-10-25,Depósito,False,EUR,TXN-000253,ATM,109,379,20,173
254,8418.3,2022-07-16,Retiro,False,USD,TXN-000254,App Móvil,669,283,414,105
255,5163.81,2023-10-17,Préstamo,True,COP,TXN-000255,Telefónico,984,76,146,5
256,21226.5,2024-11-29,Pago,False,USD,TXN-000256,Web,196,823,140,72
257,49560.78,2025-04-17,Pago,False,USD,TXN-000257,Web,77,65,49,96
258,32754.2,2025-09-20,Préstamo,False,COP,TXN-000258,App Móvil,774,287,78,30
259,26713.91,2025-03-25,Transferencia,False,USD,TXN-000259,Web,426,525,179,94
260,18947.83,2023-03-16,Pago,False,USD,TXN-000260,Telefónico,372,1059,261,86
261,14172.58,2023-09-16,Pago,False,COP,TXN-000261,Sucursal,844,1392,306,198
262,22141.49,2022-12-21,Retiro,False,COP,TXN-000262,Telefónico,611,1249,441,110
263,8701.64,2025-04-09,Retiro,True,USD,TXN-000263,Sucursal,396,549,465,163
264,31258.87,2023-05-12,Retiro,False,COP,TXN-000264,Telefónico,1373,970,370,46
265,41520.57,2022-07-08,Retiro,False,USD,TXN-000265,Sucursal,1274,967,414,95
266,42354.66,2024-03-09,Pago,False,EUR,TXN-000266,Web,681,1153,524,16
267,20830.29,2024-08-26,Retiro,False,USD,TXN-000267,Web,1269,854,415,149
268,7971.11,2023-07-09,Depósito,False,MXN,TXN-000268,ATM,1430,760,239,87
269,29032.21,2024-04-15,Pago,False,COP,TXN-000269,Telefónico,427,1150,348,192
270,14488.91,2025-12-19,Depósito,False,MXN,TXN-000270,Telefónico,512,316,155,77
271,23746.31,2024-07-26,Préstamo,False,MXN,TXN-000271,Web,212,694,561,58
272,10633.0,2024-04-21,Compra,False,EUR,TXN-000272,Telefónico,664,556,440,64
273,1316.45,2024-03-16,Préstamo,False,COP,TXN-000273,Web,1370,1184,304,145
274,31949.38,2025-01-23,Préstamo,False,GTQ,TXN-000274,Sucursal,964,1209,99,91
275,47317.56,2024-03-17,Compra,False,USD,TXN-000275,Sucursal,460,1380,91,8
276,24860.17,2022-09-25,Depósito,False,GTQ,TXN-000276,Sucursal,502,48,171,199
277,13700.75,2024-09-14,Compra,False,GTQ,TXN-000277,Telefónico,9,196,144,99
278,28696.3,2022-09-08,Retiro,False,MXN,TXN-000278,Web,1499,564,305,198
279,9205.34,2022-10-23,Préstamo,False,COP,TXN-000279,Web,906,813,398,180
280,37535.12,2023-01-27,Compra,False,GTQ,TXN-000280,Sucursal,608,706,143,192
281,31534.15,2023-03-17,Depósito,False,COP,TXN-000281,ATM,1199,1206,518,171
282,5500.77,2025-12-09,Depósito,False,EUR,TXN-000282,Telefónico,164,1368,472,23
283,22580.38,2024-04-23,Préstamo,False,COP,TXN-000283,Web,1271,840,224,85
284,5555.77,2024-03-08,Transferencia,False,USD,TXN-000284,ATM,452,1229,585,8
285,38805.77,2025-05-17,Retiro,False,COP,TXN-000285,App Móvil,233,822,84,50
286,13616.05,2024-09-02,Préstamo,False,MXN,TXN-000286,Sucursal,464,475,211,176
287,39730.35,2025-02-27,Compra,False,EUR,TXN-000287,App Móvil,561,1093,64,19
288,30028.77,2023-05-30,Compra,True,GTQ,TXN-000288,App Móvil,890,1011,411,3
289,32726.1,2025-09-08,Transferencia,False,GTQ,TXN-000289,App Móvil,580,1185,320,168
290,7534.6,2024-05-04,Depósito,False,GTQ,TXN-000290,Sucursal,331,80,558,9
291,30115.06,2022-10-23,Transferencia,False,USD,TXN-000291,ATM,149,1272,514,191
292,27680.33,2022-05-03,Pago,False,EUR,TXN-000292,Web,675,620,77,109
293,23907.99,2022-07-16,Depósito,False,COP,TXN-000293,App Móvil,126,1425,211,140
294,4001.08,2022-07-22,Préstamo,False,GTQ,TXN-000294,Sucursal,783,121,119,53
295,4897.08,2022-02-03,Pago,False,EUR,TXN-000295,Sucursal,277,1445,5,42
296,40152.18,2022-07-08,Transferencia,False,USD,TXN-000296,Telefónico,1067,1138,471,162
297,6844.5,2025-11-28,Transferencia,False,COP,TXN-000297,Web,613,650,447,122
298,24548.07,2024-05-27,Pago,False,COP,TXN-000298,App Móvil,1045,755,245,142
299,45899.35,2025-06-12,Transferencia,False,MXN,TXN-000299,App Móvil,164,77,592,74
300,32074.36,2023-08-05,Transferencia,False,GTQ,TXN-000300,Web,347,511,85,86
301,2579.44,2024-06-06,Préstamo,False,USD,TXN-000301,Sucursal,447,679,69,105
302,40709.3,2023-10-24,Pago,False,MXN,TXN-000302,ATM,1123,519,77,1
303,18170.57,2022-05-14,Préstamo,False,MXN,TXN-000303,Telefónico,285,1297,556,153
304,13803.1,2024-01-06,Depósito,False,MXN,TXN-000304,Telefónico,1444,1257,290,130
305,11053.08,2024-01-27,Transferencia,True,COP,TXN-000305,ATM,1168,1225,444,116
306,45851.56,2024-01-16,Compra,False,EUR,TXN-000306,Web,713,1359,189,115
307,4330.24,2024-04-07,Pago,False,EUR,TXN-000307,Sucursal,1307,1484,376,7
308,43699.5,2025-09-20,Transferencia,False,GTQ,TXN-000308,ATM,531,784,282,29
309,49341.56,2025-08-20,Depósito,False,USD,TXN-000309,ATM,456,11,42,180
310,38903.69,2022-01-11,Transferencia,False,MXN,TXN-000310,Sucursal,1049,912,555,154
311,13604.45,2022-07-25,Depósito,False,USD,TXN-000311,Telefónico,121,1377,145,2
312,8433.34,2022-08-16,Transferencia,False,EUR,TXN-000312,Web,967,835,144,59
313,7412.68,2022-11-14,Retiro,False,GTQ,TXN-000313,Telefónico,293,1131,285,121
314,26305.18,2025-05-26,Compra,False,COP,TXN-000314,ATM,670,319,33,1
315,1960.3,2023-07-03,Depósito,False,COP,TXN-000315,App Móvil,559,189,234,96
316,5781.91,2025-09-28,Transferencia,False,EUR,TXN-000316,Web,209,1443,327,200
317,8244.95,2025-04-27,Pago,False,GTQ,TXN-000317,Sucursal,908,299,297,31
318,46801.05,2024-09-29,Compra,False,GTQ,TXN-000318,Telefónico,1310,1435,476,135
319,6390.01,2022-05-30,Transferencia,False,EUR,TXN-000319,App Móvil,493,60,295,183
320,15071.1,2022-09-16,Compra,False,GTQ,TXN-000320,ATM,675,497,295,121
321,39995.37,2025-07-11,Pago,False,COP,TXN-000321,App Móvil,1139,840,180,22
322,33709.99,2023-04-03,Transferencia,False,MXN,TXN-000322,Web,1314,1045,353,128
323,35521.32,2023-04-11,Depósito,True,COP,TXN-000323,Telefónico,1146,1316,119,171
324,11103.71,2024-06-29,Retiro,False,USD,TXN-000324,Sucursal,299,200,590,4
325,27631.95,2024-10-06,Retiro,False,COP,TXN-000325,Telefónico,654,680,314,179
326,37980.43,2022-01-02,Depósito,False,COP,TXN-000326,Sucursal,43,1116,581,164
327,14908.89,2024-11-30,Compra,False,COP,TXN-000327,Sucursal,101,1413,16,97
328,2433.06,2024-07-30,Pago,False,USD,TXN-000328,Sucursal,137,1491,280,96
329,4158.89,2024-06-28,Depósito,False,GTQ,TXN-000329,Web,910,89,429,170
330,14949.06,2022-04-30,Pago,False,EUR,TXN-000330,Web,1148,142,21,132
331,23950.74,2025-06-11,Pago,False,COP,TXN-000331,Sucursal,575,399,303,69
332,38695.86,2023-01-05,Retiro,False,GTQ,TXN-000332,Telefónico,618,942,289,173
333,37199.89,2022-12-23,Pago,False,EUR,TXN-000333,Telefónico,378,493,5,197
334,4010.03,2023-09-23,Transferencia,False,EUR,TXN-000334,ATM,66,561,253,102
335,16388.13,2024-07-28,Retiro,False,COP,TXN-000335,App Móvil,1230,222,394,45
336,40451.55,2023-07-23,Pago,True,EUR,TXN-000336,Sucursal,1022,1154,63,62
337,32861.38,2023-11-24,Préstamo,False,COP,TXN-000337,ATM,437,454,368,47
338,16114.7,2022-10-13,Compra,False,MXN,TXN-000338,Web,456,170,48,72
339,30258.99,2025-11-14,Compra,False,COP,TXN-000339,App Móvil,42,287,454,41
340,14781.58,2022-10-12,Pago,False,GTQ,TXN-000340,ATM,204,995,90,105
341,46381.28,2022-09-02,Retiro,False,USD,TXN-000341,Telefónico,951,1110,181,104
342,10503.7,2022-01-11,Depósito,False,USD,TXN-000342,Web,784,1238,364,193
343,6064.29,2022-11-18,Compra,False,GTQ,TXN-000343,ATM,68,442,545,200
344,9255.48,2022-07-15,Préstamo,True,COP,TXN-000344,App Móvil,734,16,109,148
345,12183.5,2023-04-08,Depósito,False,COP,TXN-000345,Sucursal,491,1317,87,155
346,2916.16,2025-12-22,Compra,True,EUR,TXN-000346,Sucursal,127,5,102,97
347,42085.9,2025-10-18,Retiro,False,MXN,TXN-000347,App Móvil,300,378,527,190
348,48491.67,2024-07-09,Compra,False,COP,TXN-000348,Web,755,725,233,1
349,36350.55,2022-10-07,Préstamo,False,USD,TXN-000349,App Móvil,586,705,395,167
350,23279.01,2022-06-04,Retiro,False,EUR,TXN-000350,Sucursal,1286,960,297,113
351,22202.46,2022-08-31,Compra,False,EUR,TXN-000351,ATM,590,502,201,174
352,45622.77,2025-10-04,Depósito,False,MXN,TXN-000352,Sucursal,1259,1433,431,183
353,2930.08,2024-08-22,Préstamo,False,MXN,TXN-000353,App Móvil,877,697,129,7
354,27693.18,2025-08-20,Retiro,False,MXN,TXN-000354,Telefónico,1179,328,57,105
355,39859.71,2022-11-16,Pago,False,USD,TXN-000355,App Móvil,1357,152,117,101
356,27359.25,2022-02-19,Depósito,False,MXN,TXN-000356,Sucursal,980,1283,210,86
357,7566.92,2022-09-10,Compra,False,EUR,TXN-000357,Telefónico,504,278,160,19
358,40938.59,2023-08-06,Préstamo,False,COP,TXN-000358,ATM,283,776,425,57
359,4165.49,2025-05-26,Retiro,False,USD,TXN-000359,App Móvil,1020,172,42,8
360,41510.6,2023-05-19,Compra,False,COP,TXN-000360,Telefónico,502,929,153,63
361,3666.75,2024-06-14,Retiro,False,COP,TXN-000361,Telefónico,1440,1429,390,98
362,6349.23,2025-01-01,Préstamo,False,EUR,TXN-000362,App Móvil,1255,428,503,169
363,40074.35,2023-12-03,Compra,False,GTQ,TXN-000363,ATM,1135,414,216,135
364,4721.44,2025-09-28,Transferencia,False,MXN,TXN-000364,ATM,286,85,168,180
365,14648.93,2023-03-28,Retiro,False,GTQ,TXN-000365,Web,877,805,500,47
366,47153.93,2023-05-25,Depósito,False,EUR,TXN-000366,Sucursal,573,648,322,193
367,23468.39,2024-12-19,Depósito,False,COP,TXN-000367,ATM,791,1257,437,41
368,40709.15,2025-12-21,Retiro,False,GTQ,TXN-000368,App Móvil,338,571,315,105
369,15751.92,2025-03-30,Pago,False,COP,TXN-000369,Sucursal,1281,283,335,99
370,42938.83,2025-10-08,Transferencia,False,MXN,TXN-000370,Web,1094,684,459,107
371,8974.36,2023-10-17,Préstamo,False,GTQ,TXN-000371,Telefónico,1457,1009,452,150
372,34243.89,2022-10-11,Transferencia,False,USD,TXN-000372,Telefónico,442,528,113,78
373,18568.69,2022-10-29,Pago,True,EUR,TXN-000373,Sucursal,896,1346,473,141
374,33409.83,2023-08-11,Retiro,False,MXN,TXN-000374,Telefónico,1413,1433,475,36
375,43202.31,2025-09-04,Transferencia,False,MXN,TXN-000375,App Móvil,766,239,209,59
376,26489.69,2024-07-16,Compra,False,USD,TXN-000376,Web,1331,1252,198,114
377,44042.74,2025-03-08,Préstamo,False,EUR,TXN-000377,ATM,1322,1498,66,184
378,20016.05,2022-01-25,Depósito,False,USD,TXN-000378,Sucursal,809,1000,225,172
379,21322.66,2022-05-18,Pago,True,USD,TXN-000379,App Móvil,288,1066,51,185
380,14615.97,2022-09-17,Depósito,False,EUR,TXN-000380,Telefónico,1385,1061,209,53
381,42457.27,2024-02-20,Transferencia,False,COP,TXN-000381,Web,436,867,554,155
382,36191.85,2025-11-29,Pago,False,MXN,TXN-000382,App Móvil,831,1022,344,164
383,30333.41,2024-06-09,Compra,False,USD,TXN-000383,App Móvil,1387,519,576,95
384,28417.28,2022-08-21,Pago,False,USD,TXN-000384,ATM,859,574,379,196
385,46527.12,2025-08-30,Transferencia,False,GTQ,TXN-000385,App Móvil,192,1155,340,75
386,23764.92,2024-12-22,Préstamo,False,GTQ,TXN-000386,Telefónico,802,225,50,56
387,28858.08,2022-03-15,Retiro,False,EUR,TXN-000387,App Móvil,1073,1044,63,73
388,12107.09,2024-02-28,Compra,False,EUR,TXN-000388,App Móvil,126,557,219,85
389,31718.93,2024-11-20,Préstamo,False,USD,TXN-000389,Sucursal,392,1070,318,118
390,25289.23,2025-07-02,Préstamo,False,GTQ,TXN-000390,App Móvil,655,722,413,133
391,14098.79,2024-07-12,Compra,False,EUR,TXN-000391,App Móvil,651,782,94,156
392,44429.98,2025-09-07,Transferencia,False,MXN,TXN-000392,Telefónico,77,317,540,178
393,35167.18,2022-07-30,Depósito,False,GTQ,TXN-000393,App Móvil,1145,1323,375,133
394,49047.82,2024-05-15,Transferencia,False,GTQ,TXN-000394,Telefónico,798,869,585,121
395,17818.83,2024-12-03,Pago,False,USD,TXN-000395,Web,790,899,424,17
396,35973.66,2023-11-13,Compra,False,USD,TXN-000396,ATM,976,86,195,66
397,26960.53,2024-05-14,Retiro,False,MXN,TXN-000397,Web,731,1319,559,95
398,47593.25,2025-03-30,Préstamo,False,COP,TXN-000398,Telefónico,506,747,168,73
399,20014.99,2024-08-16,Préstamo,False,MXN,TXN-000399,ATM,327,795,573,12
400,16519.24,2024-05-21,Depósito,False,COP,TXN-000400,Sucursal,137,1396,214,2
401,7589.73,2023-02-23,Pago,False,MXN,TXN-000401,Web,415,14,491,194
402,29630.42,2023-03-31,Retiro,False,EUR,TXN-000402,App Móvil,787,881,380,190
403,8238.68,2024-11-26,Retiro,False,EUR,TXN-000403,Sucursal,1455,126,110,62
404,23361.12,2022-01-16,Compra,False,COP,TXN-000404,Sucursal,10,1115,129,185
405,22839.43,2025-02-11,Préstamo,False,USD,TXN-000405,Sucursal,17,1309,487,121
406,6052.32,2023-08-23,Pago,False,EUR,TXN-000406,Web,934,238,493,168
407,9928.99,2022-05-06,Transferencia,False,MXN,TXN-000407,App Móvil,1033,799,150,19
408,35819.24,2023-02-01,Retiro,False,EUR,TXN-000408,Sucursal,99,290,222,174
409,36945.58,2025-11-17,Préstamo,False,MXN,TXN-000409,Sucursal,107,715,97,194
410,45165.52,2025-10-20,Compra,False,COP,TXN-000410,Sucursal,1268,1458,111,97
411,30499.6,2024-03-27,Depósito,False,MXN,TXN-000411,Sucursal,748,1454,304,11
412,36174.24,2023-04-26,Pago,False,EUR,TXN-000412,ATM,1244,1249,17,5
413,18338.61,2023-07-31,Pago,False,MXN,TXN-000413,ATM,1260,1462,201,200
414,10022.53,2022-09-18,Transferencia,False,COP,TXN-000414,App Móvil,940,1279,265,63
415,674.13,2025-11-20,Retiro,True,MXN,TXN-000415,Web,1278,1441,432,13
416,24647.16,2022-08-23,Transferencia,False,EUR,TXN-000416,App Móvil,234,686,99,12
417,35444.87,2024-05-08,Transferencia,False,GTQ,TXN-000417,Telefónico,142,813,34,35
418,28030.65,2025-10-02,Retiro,False,MXN,TXN-000418,ATM,822,715,467,143
419,15939.04,2023-02-28,Retiro,False,MXN,TXN-000419,App Móvil,417,452,192,28
420,20151.95,2023-06-01,Depósito,False,USD,TXN-000420,Telefónico,581,1169,424,163
421,33942.15,2022-11-16,Transferencia,False,USD,TXN-000421,App Móvil,794,581,507,178
422,20389.33,2024-11-27,Pago,False,EUR,TXN-000422,Sucursal,285,1347,552,86
423,45083.07,2024-10-17,Préstamo,False,USD,TXN-000423,ATM,541,1213,3,11
424,44030.18,2022-10-17,Transferencia,False,COP,TXN-000424,Sucursal,71,1412,51,23
425,37316.69,2023-10-17,Transferencia,False,COP,TXN-000425,App Móvil,623,1366,573,197
426,10431.49,2022-08-23,Depósito,False,USD,TXN-000426,App Móvil,693,574,203,61
427,42252.34,2024-02-21,Compra,False,USD,TXN-000427,App Móvil,656,862,92,15
428,1895.44,2025-05-03,Compra,True,USD,TXN-000428,App Móvil,117,1480,567,114
429,36358.65,2023-09-27,Compra,False,GTQ,TXN-000429,Web,1068,234,540,165
430,34954.03,2023-11-18,Compra,False,COP,TXN-000430,Web,473,688,52,160
431,46173.89,2025-07-21,Depósito,False,MXN,TXN-000431,Sucursal,472,102,91,63
432,8527.98,2022-02-20,Compra,False,GTQ,TXN-000432,Web,856,807,141,173
433,26000.44,2025-03-17,Retiro,False,MXN,TXN-000433,ATM,1301,879,469,1
434,11022.2,2022-06-30,Transferencia,False,EUR,TXN-000434,Telefónico,712,1471,218,173
435,43102.28,2023-02-20,Compra,False,MXN,TXN-000435,Telefónico,501,18,516,75
436,27889.4,2023-09-24,Pago,False,MXN,TXN-000436,Telefónico,286,194,239,122
437,32385.46,2022-08-01,Depósito,False,MXN,TXN-000437,Sucursal,836,730,491,177
438,24767.03,2022-09-14,Préstamo,False,COP,TXN-000438,Telefónico,202,1043,222,105
439,27241.9,2025-09-27,Retiro,False,GTQ,TXN-000439,App Móvil,484,886,407,199
440,22999.91,2025-04-27,Pago,False,USD,TXN-000440,Sucursal,1311,331,443,112
441,41541.82,2025-03-13,Préstamo,False,USD,TXN-000441,Sucursal,910,1055,407,22
442,8458.71,2025-08-05,Compra,False,COP,TXN-000442,Telefónico,810,666,1,119
443,29190.76,2025-03-04,Compra,False,GTQ,TXN-000443,Web,597,1190,332,88
444,24018.81,2023-10-23,Compra,False,MXN,TXN-000444,Sucursal,1275,977,304,7
445,45607.63,2024-12-25,Transferencia,False,EUR,TXN-000445,App Móvil,1125,385,75,182
446,38662.6,2024-03-04,Retiro,False,MXN,TXN-000446,Telefónico,596,256,597,49
447,47670.34,2023-12-23,Depósito,False,EUR,TXN-000447,App Móvil,1171,144,548,137
448,32417.88,2023-09-24,Compra,False,MXN,TXN-000448,App Móvil,904,165,58,167
449,228.1,2023-06-21,Retiro,False,COP,TXN-000449,Web,740,90,536,115
450,17485.54,2022-04-12,Préstamo,False,USD,TXN-000450,App Móvil,1150,1007,145,151
451,6183.32,2022-11-04,Retiro,False,GTQ,TXN-000451,App Móvil,402,37,520,101
452,24675.45,2022-02-17,Depósito,False,COP,TXN-000452,ATM,1282,74,153,47
453,42550.59,2023-03-08,Transferencia,False,COP,TXN-000453,App Móvil,332,466,394,44
454,39125.13,2023-02-05,Transferencia,False,USD,TXN-000454,ATM,86,28,177,99
455,21179.49,2025-03-21,Depósito,False,EUR,TXN-000455,Web,1334,1456,481,189
456,49707.17,2023-10-31,Depósito,False,GTQ,TXN-000456,ATM,1301,591,313,101
457,18380.25,2024-10-12,Retiro,False,GTQ,TXN-000457,Sucursal,1359,1224,556,127
458,32300.6,2024-02-03,Pago,False,EUR,TXN-000458,ATM,427,742,68,72
459,21462.58,2025-01-03,Préstamo,False,MXN,TXN-000459,ATM,780,1343,527,51
460,25338.76,2025-02-24,Préstamo,False,USD,TXN-000460,ATM,1365,549,561,110
461,42735.25,2023-03-19,Depósito,False,MXN,TXN-000461,ATM,1291,328,531,81
462,1474.63,2024-08-01,Depósito,False,EUR,TXN-000462,Telefónico,493,316,483,2
463,14543.48,2025-08-25,Depósito,False,COP,TXN-000463,Telefónico,1041,1248,224,169
464,15045.29,2024-05-31,Compra,False,EUR,TXN-000464,Telefónico,1329,516,33,92
465,39524.37,2022-05-03,Retiro,False,GTQ,TXN-000465,Telefónico,49,1483,180,137
466,23179.42,2022-01-17,Transferencia,False,MXN,TXN-000466,Web,552,822,288,45
467,28361.56,2024-07-04,Pago,False,MXN,TXN-000467,Web,1236,402,323,70
468,33351.05,2022-01-10,Pago,False,COP,TXN-000468,App Móvil,1301,708,65,108
469,27959.14,2023-12-27,Transferencia,False,USD,TXN-000469,App Móvil,283,687,308,88
470,9257.72,2023-10-01,Pago,False,EUR,TXN-000470,Web,48,1348,67,36
471,13248.51,2025-10-08,Préstamo,False,USD,TXN-000471,Web,951,1222,504,159
472,3942.68,2022-07-25,Transferencia,False,USD,TXN-000472,Web,678,386,362,148
473,49688.0,2024-01-04,Pago,False,MXN,TXN-000473,ATM,60,563,153,142
474,19021.41,2025-09-29,Retiro,False,GTQ,TXN-000474,App Móvil,890,1384,537,94
475,26431.2,2025-10-18,Retiro,False,EUR,TXN-000475,ATM,1016,458,351,21
476,37832.38,2025-05-21,Préstamo,False,GTQ,TXN-000476,Telefónico,532,1295,238,83
477,23837.06,2023-09-16,Retiro,False,EUR,TXN-000477,ATM,193,161,226,177
478,1572.22,2022-10-05,Depósito,False,USD,TXN-000478,Telefónico,930,1431,111,107
479,12380.06,2022-07-15,Pago,False,GTQ,TXN-000479,ATM,934,410,488,96
480,36098.47,2022-12-08,Depósito,False,EUR,TXN-000480,App Móvil,867,1473,178,193
481,25689.64,2024-11-12,Préstamo,False,MXN,TXN-000481,Sucursal,869,59,164,4
482,46646.14,2023-04-25,Transferencia,False,COP,TXN-000482,Sucursal,1207,1273,247,6
483,29889.67,2024-06-11,Préstamo,False,MXN,TXN-000483,App Móvil,482,1267,319,86
484,16503.21,2025-04-23,Compra,False,USD,TXN-000484,Web,67,1459,429,113
485,40193.41,2023-03-17,Retiro,False,USD,TXN-000485,Telefónico,467,1386,570,136
486,25109.07,2022-07-05,Préstamo,False,EUR,TXN-000486,Web,79,632,59,38
487,40797.35,2024-01-21,Transferencia,False,USD,TXN-000487,Telefónico,757,1245,180,185
488,12323.36,2024-01-11,Retiro,False,MXN,TXN-000488,Sucursal,487,220,478,48
489,3205.53,2023-08-23,Compra,False,GTQ,TXN-000489,ATM,1242,1249,265,50
490,42543.47,2023-09-05,Pago,False,MXN,TXN-000490,Telefónico,175,1068,382,58
491,34286.94,2025-09-22,Compra,False,MXN,TXN-000491,Sucursal,174,79,122,174
492,16041.46,2025-10-31,Compra,False,GTQ,TXN-000492,Sucursal,1316,220,130,100
493,45486.0,2022-11-28,Compra,False,GTQ,TXN-000493,Sucursal,696,132,145,176
494,37184.53,2024-09-28,Pago,False,COP,TXN-000494,Web,1259,171,161,26
495,12316.82,2022-06-04,Retiro,False,MXN,TXN-000495,Web,1216,1127,472,112
496,38646.07,2025-03-02,Compra,False,MXN,TXN-000496,Sucursal,992,234,2,114
497,17319.39,2025-06-21,Préstamo,False,GTQ,TXN-000497,ATM,1318,599,202,15
498,15896.62,2022-12-30,Transferencia,True,USD,TXN-000498,Sucursal,521,562,534,63
499,27752.03,2023-03-13,Préstamo,True,EUR,TXN-000499,ATM,1148,1013,57,44
500,25154.92,2024-03-23,Transferencia,False,USD,TXN-000500,App Móvil,1218,648,279,3
501,39436.07,2025-11-03,Préstamo,False,MXN,TXN-000501,ATM,1239,1473,305,161
502,35552.06,2024-05-18,Compra,False,COP,TXN-000502,App Móvil,141,1099,46,20
503,33254.89,2022-05-27,Transferencia,False,EUR,TXN-000503,App Móvil,499,1126,250,63
504,3014.72,2022-11-24,Pago,False,GTQ,TXN-000504,App Móvil,576,769,241,138
505,8461.26,2022-12-22,Transferencia,False,COP,TXN-000505,Web,1347,1121,79,193
506,26153.36,2025-07-28,Depósito,False,USD,TXN-000506,Sucursal,1377,793,10,61
507,33840.07,2025-08-21,Préstamo,False,MXN,TXN-000507,Web,1101,1158,390,154
508,37456.82,2023-09-20,Préstamo,False,MXN,TXN-000508,Sucursal,26,955,494,48
509,1166.51,2023-06-11,Préstamo,False,GTQ,TXN-000509,App Móvil,95,88,486,3
510,21690.74,2024-01-18,Transferencia,False,COP,TXN-000510,Telefónico,936,234,329,27
511,22944.3,2022-06-15,Transferencia,False,COP,TXN-000511,App Móvil,370,444,272,165
512,12984.49,2025-05-25,Depósito,False,USD,TXN-000512,Telefónico,623,741,405,89
513,41136.9,2024-07-17,Depósito,False,MXN,TXN-000513,App Móvil,694,798,242,113
514,40545.95,2025-10-15,Compra,False,COP,TXN-000514,Sucursal,914,1402,145,109
515,17725.23,2024-04-02,Depósito,False,MXN,TXN-000515,Telefónico,493,1198,225,7
516,24726.0,2023-02-05,Compra,False,COP,TXN-000516,Sucursal,763,745,294,12
517,6998.1,2023-08-15,Préstamo,False,MXN,TXN-000517,App Móvil,340,1494,310,77
518,8803.68,2023-03-24,Transferencia,False,EUR,TXN-000518,App Móvil,801,781,74,118
519,34213.05,2025-10-06,Transferencia,False,EUR,TXN-000519,Web,853,199,303,131
520,30052.26,2024-05-13,Pago,False,MXN,TXN-000520,ATM,465,231,491,7
521,15666.55,2025-03-03,Depósito,False,COP,TXN-000521,Telefónico,513,796,495,6
522,27564.81,2023-04-19,Transferencia,False,GTQ,TXN-000522,ATM,444,773,555,57
523,30171.54,2024-04-02,Préstamo,False,USD,TXN-000523,App Móvil,997,1399,353,148
524,38975.42,2025-05-01,Transferencia,False,USD,TXN-000524,Sucursal,371,297,60,99
525,11160.48,2023-06-26,Transferencia,True,MXN,TXN-000525,Web,676,1226,593,25
526,22588.61,2022-11-18,Retiro,False,MXN,TXN-000526,App Móvil,168,1113,532,50
527,26828.31,2025-04-09,Depósito,False,GTQ,TXN-000527,Sucursal,42,180,343,174
528,30644.97,2024-12-02,Préstamo,False,EUR,TXN-000528,Telefónico,918,1077,489,73
529,22445.3,2023-10-09,Pago,False,USD,TXN-000529,App Móvil,1192,1259,503,32
530,27318.8,2023-11-19,Depósito,False,EUR,TXN-000530,Telefónico,227,572,98,142
531,33148.85,2022-01-20,Depósito,False,GTQ,TXN-000531,Sucursal,1270,1095,217,162
532,15676.02,2022-07-13,Depósito,False,USD,TXN-000532,App Móvil,1403,1448,173,153
533,41641.82,2022-12-31,Préstamo,False,MXN,TXN-000533,App Móvil,945,751,429,153
534,20531.93,2025-02-22,Compra,False,GTQ,TXN-000534,App Móvil,625,1247,588,55
535,35529.26,2025-04-13,Transferencia,False,MXN,TXN-000535,Telefónico,1077,1413,171,179
536,38182.85,2022-01-27,Depósito,False,GTQ,TXN-000536,Sucursal,97,234,506,90
537,34783.41,2023-03-31,Préstamo,False,USD,TXN-000537,Sucursal,387,1400,124,62
538,30699.87,2023-07-03,Compra,False,GTQ,TXN-000538,App Móvil,158,963,318,177
539,12141.2,2025-05-16,Retiro,False,EUR,TXN-000539,ATM,1234,116,529,199
540,11253.12,2023-04-26,Préstamo,False,COP,TXN-000540,Telefónico,682,1032,562,195
541,24096.64,2023-03-23,Compra,False,USD,TXN-000541,Web,254,314,330,199
542,21902.89,2025-05-14,Préstamo,False,USD,TXN-000542,ATM,701,217,572,18
543,41605.25,2023-01-03,Transferencia,False,USD,TXN-000543,Web,1289,521,416,10
544,27104.58,2025-05-10,Retiro,False,EUR,TXN-000544,ATM,249,1426,101,54
545,12591.94,2023-10-05,Depósito,False,USD,TXN-000545,App Móvil,1482,1137,249,3
546,20003.14,2023-11-23,Compra,False,GTQ,TXN-000546,Telefónico,964,1225,439,179
547,18124.5,2025-01-07,Depósito,False,USD,TXN-000547,ATM,1355,627,33,144
548,43313.52,2024-08-01,Depósito,False,USD,TXN-000548,ATM,1252,1240,96,108
549,3227.95,2023-03-18,Compra,False,MXN,TXN-000549,Web,821,1041,440,116
550,34623.6,2025-09-07,Pago,False,EUR,TXN-000550,App Móvil,59,980,185,79
551,8590.83,2023-07-08,Transferencia,False,COP,TXN-000551,Telefónico,272,1333,236,16
552,45619.01,2023-04-26,Depósito,False,EUR,TXN-000552,ATM,844,1380,15,25
553,32444.19,2023-07-04,Pago,False,EUR,TXN-000553,Telefónico,1115,205,278,40
554,1550.56,2023-05-17,Retiro,False,GTQ,TXN-000554,Telefónico,1371,1369,316,113
555,35080.57,2022-08-30,Préstamo,False,COP,TXN-000555,Sucursal,843,719,67,87
556,413.14,2023-08-07,Transferencia,False,EUR,TXN-000556,Sucursal,854,562,360,50
557,31005.86,2023-01-30,Depósito,True,GTQ,TXN-000557,ATM,1272,1105,319,163
558,41940.15,2025-11-02,Préstamo,False,COP,TXN-000558,App Móvil,275,615,521,46
559,33373.19,2022-05-25,Transferencia,False,USD,TXN-000559,ATM,790,156,393,82
560,9070.12,2022-12-26,Transferencia,False,USD,TXN-000560,Web,1263,548,492,98
561,21644.78,2024-05-17,Compra,False,USD,TXN-000561,Web,1457,782,584,89
562,26867.6,2023-05-28,Transferencia,False,GTQ,TXN-000562,Telefónico,479,475,197,156
563,41790.37,2023-09-18,Pago,False,EUR,TXN-000563,Web,1387,34,302,1
564,33670.64,2023-01-20,Retiro,False,MXN,TXN-000564,Web,776,870,207,77
565,26944.51,2023-05-03,Retiro,False,USD,TXN-000565,Sucursal,1382,1060,380,27
566,21814.64,2022-03-18,Compra,False,MXN,TXN-000566,ATM,1079,781,295,45
567,36375.65,2025-06-24,Pago,False,COP,TXN-000567,ATM,583,511,352,6
568,10218.08,2022-02-14,Compra,False,EUR,TXN-000568,Web,922,551,573,163
569,49434.92,2024-09-09,Préstamo,False,GTQ,TXN-000569,Web,1072,1273,583,110
570,14176.13,2025-05-15,Transferencia,False,MXN,TXN-000570,Sucursal,1240,865,337,12
571,6238.79,2023-02-17,Transferencia,False,GTQ,TXN-000571,Telefónico,530,938,349,71
572,25437.85,2023-07-17,Retiro,False,COP,TXN-000572,Sucursal,280,1128,387,133
573,22504.19,2025-04-01,Retiro,False,MXN,TXN-000573,App Móvil,889,881,419,180
574,35017.0,2022-02-15,Depósito,False,COP,TXN-000574,App Móvil,219,938,88,67
575,45410.17,2023-03-17,Compra,False,EUR,TXN-000575,Sucursal,1273,902,106,87
576,41465.17,2023-10-30,Transferencia,False,EUR,TXN-000576,App Móvil,804,984,556,187
577,47184.7,2024-02-27,Depósito,False,EUR,TXN-000577,ATM,1035,866,577,186
578,10228.47,2024-01-24,Compra,False,MXN,TXN-000578,Telefónico,1399,371,530,84
579,16217.01,2025-08-15,Retiro,False,MXN,TXN-000579,Sucursal,39,570,591,59
580,15550.22,2025-12-29,Préstamo,False,EUR,TXN-000580,Web,993,703,575,112
581,41573.62,2022-12-10,Retiro,False,MXN,TXN-000581,App Móvil,148,966,308,9
582,2794.29,2023-05-08,Compra,False,EUR,TXN-000582,Sucursal,267,677,439,191
583,43728.47,2022-05-27,Préstamo,False,MXN,TXN-000583,Web,354,771,530,166
584,12232.25,2025-02-19,Transferencia,False,MXN,TXN-000584,Web,589,1174,331,132
585,957.08,2022-02-14,Transferencia,False,USD,TXN-000585,Sucursal,719,453,563,148
586,16679.84,2025-06-04,Préstamo,False,USD,TXN-000586,App Móvil,773,1232,302,165
587,7380.01,2025-12-21,Depósito,False,MXN,TXN-000587,ATM,1032,756,537,97
588,44577.76,2024-04-29,Pago,False,GTQ,TXN-000588,Web,973,100,433,56
589,34003.34,2025-05-03,Retiro,False,MXN,TXN-000589,Telefónico,520,623,387,192
590,11639.13,2025-10-12,Pago,False,USD,TXN-000590,Web,1472,501,380,113
591,4447.98,2022-04-08,Depósito,False,USD,TXN-000591,App Móvil,1392,864,458,78
592,23054.59,2022-12-21,Préstamo,False,MXN,TXN-000592,Web,574,732,398,63
593,26913.76,2024-11-09,Compra,False,COP,TXN-000593,Telefónico,804,911,501,127
594,48309.76,2025-06-09,Retiro,False,EUR,TXN-000594,Web,543,1016,293,129
595,6925.48,2023-01-25,Depósito,False,MXN,TXN-000595,ATM,1460,685,29,193
596,19470.78,2024-08-31,Retiro,False,GTQ,TXN-000596,ATM,492,976,154,6
597,23367.62,2025-05-07,Depósito,False,EUR,TXN-000597,Web,984,863,306,23
598,37721.51,2025-08-27,Pago,False,GTQ,TXN-000598,Telefónico,156,650,60,9
599,2335.1,2022-03-10,Depósito,False,EUR,TXN-000599,Sucursal,1318,1470,366,186
600,12115.99,2023-06-24,Retiro,False,USD,TXN-000600,Telefónico,1037,308,342,168
601,18279.2,2023-01-05,Pago,False,USD,TXN-000601,Sucursal,1346,866,441,9
602,45771.93,2022-01-28,Transferencia,False,EUR,TXN-000602,Sucursal,1293,1400,30,147
603,3005.9,2023-09-23,Compra,False,EUR,TXN-000603,Sucursal,162,144,80,21
604,38271.51,2025-04-26,Préstamo,False,MXN,TXN-000604,ATM,1229,1412,83,23
605,34145.54,2023-03-17,Préstamo,False,MXN,TXN-000605,ATM,1122,209,412,110
606,36511.01,2024-05-20,Transferencia,False,COP,TXN-000606,Sucursal,157,639,524,125
607,14040.4,2025-04-10,Depósito,False,MXN,TXN-000607,Sucursal,1370,1,561,38
608,800.98,2022-09-30,Retiro,False,MXN,TXN-000608,ATM,1451,1258,384,5
609,30945.02,2022-12-03,Préstamo,False,USD,TXN-000609,Web,1079,1315,4,187
610,35221.54,2023-08-09,Transferencia,False,EUR,TXN-000610,ATM,370,1177,493,175
611,26756.15,2022-11-15,Transferencia,False,EUR,TXN-000611,App Móvil,496,1277,364,18
612,26601.39,2023-09-24,Depósito,False,EUR,TXN-000612,Sucursal,443,181,250,55
613,41902.04,2024-10-21,Retiro,False,USD,TXN-000613,ATM,1131,1210,467,77
614,143.11,2023-06-22,Retiro,False,GTQ,TXN-000614,App Móvil,620,263,171,185
615,24047.73,2024-01-02,Transferencia,False,COP,TXN-000615,Sucursal,463,1034,424,80
616,15129.29,2023-02-21,Retiro,False,GTQ,TXN-000616,Telefónico,1018,982,193,3
617,25710.7,2024-05-06,Retiro,False,COP,TXN-000617,App Móvil,290,728,358,54
618,38793.25,2022-12-10,Préstamo,False,GTQ,TXN-000618,Sucursal,1274,1080,564,155
619,43842.45,2022-04-29,Compra,False,COP,TXN-000619,ATM,672,704,78,44
620,16521.3,2022-08-15,Depósito,False,MXN,TXN-000620,ATM,1135,769,183,56
621,47123.78,2023-03-28,Retiro,False,COP,TXN-000621,Telefónico,1102,421,94,141
622,36619.66,2024-12-27,Transferencia,False,EUR,TXN-000622,Sucursal,1468,85,194,67
623,30338.95,2023-10-01,Pago,False,GTQ,TXN-000623,Telefónico,261,1441,379,148
624,48903.96,2025-04-18,Préstamo,False,GTQ,TXN-000624,Web,949,496,65,132
625,23614.37,2022-07-05,Transferencia,False,EUR,TXN-000625,Sucursal,644,317,91,51
626,16623.68,2024-01-13,Pago,False,GTQ,TXN-000626,App Móvil,511,172,329,58
627,2953.71,2022-01-22,Depósito,False,MXN,TXN-000627,Telefónico,80,389,91,172
628,44686.23,2024-04-14,Retiro,False,COP,TXN-000628,Telefónico,1459,205,311,170
629,22836.36,2025-12-20,Depósito,False,USD,TXN-000629,ATM,641,655,334,78
630,37101.7,2025-04-25,Transferencia,False,USD,TXN-000630,Sucursal,246,1144,274,88
631,20854.63,2025-06-19,Préstamo,False,GTQ,TXN-000631,App Móvil,313,113,430,27
632,49110.3,2025-06-15,Transferencia,False,GTQ,TXN-000632,App Móvil,1423,784,540,163
633,33211.05,2022-09-10,Depósito,False,COP,TXN-000633,Web,272,328,428,129
634,34353.83,2024-10-19,Retiro,False,MXN,TXN-000634,Web,258,312,391,159
635,47730.63,2023-02-01,Préstamo,True,EUR,TXN-000635,Sucursal,1165,782,587,182
636,566.01,2022-10-12,Préstamo,False,EUR,TXN-000636,Sucursal,177,8,133,195
637,31368.59,2023-02-17,Pago,True,USD,TXN-000637,App Móvil,272,1129,48,166
638,45644.32,2023-11-27,Compra,False,MXN,TXN-000638,Web,1354,949,261,49
639,46964.39,2023-12-18,Transferencia,False,EUR,TXN-000639,ATM,1140,949,191,184
640,33847.8,2025-08-08,Transferencia,False,USD,TXN-000640,Telefónico,92,679,410,5
641,14408.93,2023-01-08,Retiro,True,GTQ,TXN-000641,Sucursal,779,90,368,77
642,22563.25,2025-11-19,Compra,False,EUR,TXN-000642,App Móvil,978,540,594,6
643,31731.87,2025-04-11,Compra,False,EUR,TXN-000643,Sucursal,527,171,402,177
644,1773.51,2023-11-06,Préstamo,False,EUR,TXN-000644,Sucursal,532,419,138,57
645,24611.93,2024-11-11,Depósito,False,MXN,TXN-000645,ATM,1055,1145,436,179
646,41481.1,2024-03-08,Préstamo,True,GTQ,TXN-000646,Sucursal,1257,1277,132,36
647,44237.2,2023-02-01,Compra,False,MXN,TXN-000647,App Móvil,1212,48,287,124
648,33273.8,2022-06-13,Compra,False,COP,TXN-000648,App Móvil,1207,568,220,131
649,16470.26,2023-06-10,Compra,False,COP,TXN-000649,ATM,35,425,252,144
650,28481.2,2025-04-21,Préstamo,False,GTQ,TXN-000650,ATM,346,1471,471,145
651,47852.09,2024-06-21,Pago,False,COP,TXN-000651,Web,1498,98,368,24
652,10760.49,2025-03-01,Retiro,True,USD,TXN-000652,Web,838,972,404,127
653,12799.82,2024-11-24,Depósito,False,COP,TXN-000653,Sucursal,17,1140,340,98
654,7470.99,2024-01-23,Préstamo,False,COP,TXN-000654,Web,1411,1354,163,135
655,26830.7,2022-08-15,Compra,True,USD,TXN-000655,Web,338,1469,252,96
656,21845.11,2023-12-04,Depósito,False,COP,TXN-000656,ATM,430,86,433,125
657,24765.5,2024-03-28,Retiro,True,EUR,TXN-000657,Telefónico,839,1309,225,123
658,28730.86,2024-08-30,Retiro,False,USD,TXN-000658,App Móvil,551,575,237,92
659,4067.24,2023-12-07,Préstamo,False,EUR,TXN-000659,Telefónico,1303,411,163,129
660,24432.35,2024-07-25,Retiro,False,GTQ,TXN-000660,App Móvil,1434,1276,299,135
661,44367.26,2024-05-27,Depósito,False,EUR,TXN-000661,App Móvil,791,1401,121,158
662,21225.8,2023-07-04,Compra,False,MXN,TXN-000662,ATM,1268,1010,326,19
663,21797.16,2025-06-06,Depósito,False,MXN,TXN-000663,Telefónico,734,1314,438,61
664,45676.61,2023-02-28,Retiro,True,COP,TXN-000664,Web,1480,17,63,29
665,41857.81,2023-11-02,Compra,False,MXN,TXN-000665,Web,812,393,177,72
666,26221.03,2023-03-17,Retiro,False,COP,TXN-000666,Web,297,259,492,98
667,2450.51,2023-06-05,Depósito,False,GTQ,TXN-000667,App Móvil,841,1134,519,9
668,39683.76,2023-09-07,Compra,False,GTQ,TXN-000668,App Móvil,563,17,342,57
669,18742.65,2024-03-28,Depósito,False,MXN,TXN-000669,App Móvil,899,496,355,84
670,20847.28,2023-05-17,Compra,True,USD,TXN-000670,Sucursal,535,559,42,158
671,42791.05,2024-04-05,Préstamo,False,USD,TXN-000671,Sucursal,896,993,140,13
672,37471.85,2025-11-27,Retiro,False,COP,TXN-000672,Telefónico,1289,682,65,28
673,7666.32,2023-12-16,Depósito,False,MXN,TXN-000673,Web,1228,1415,514,94
674,49055.95,2024-01-02,Retiro,False,USD,TXN-000674,Telefónico,88,350,252,6
675,22704.9,2025-01-29,Pago,False,GTQ,TXN-000675,Web,1380,1019,396,47
676,10885.03,2024-03-25,Depósito,False,COP,TXN-000676,ATM,854,533,296,192
677,22296.09,2022-02-15,Depósito,False,EUR,TXN-000677,App Móvil,810,6,577,179
678,30361.42,2024-09-16,Retiro,True,EUR,TXN-000678,App Móvil,1167,205,157,147
679,13874.07,2023-09-21,Compra,False,USD,TXN-000679,ATM,1388,1410,211,173
680,45883.47,2022-12-31,Compra,False,USD,TXN-000680,Telefónico,206,880,345,170
681,13612.94,2023-12-19,Depósito,False,EUR,TXN-000681,Telefónico,1169,975,38,124
682,16313.92,2023-06-24,Préstamo,False,USD,TXN-000682,ATM,39,741,228,197
683,23542.82,2023-11-20,Depósito,False,COP,TXN-000683,Web,885,1100,145,186
684,13288.92,2022-04-21,Depósito,False,MXN,TXN-000684,Web,6,1193,306,29
685,18003.5,2022-09-13,Transferencia,False,GTQ,TXN-000685,App Móvil,709,432,127,86
686,23122.56,2023-08-13,Compra,False,EUR,TXN-000686,Web,1318,517,74,169
687,26832.62,2023-12-23,Retiro,False,MXN,TXN-000687,Telefónico,538,1422,345,103
688,11170.31,2025-07-22,Depósito,False,EUR,TXN-000688,App Móvil,522,213,403,137
689,18710.89,2025-09-24,Retiro,False,USD,TXN-000689,Web,674,1329,149,138
690,17482.41,2025-10-12,Préstamo,True,COP,TXN-000690,ATM,752,764,498,192
691,41644.89,2024-10-24,Transferencia,False,MXN,TXN-000691,Sucursal,1225,618,46,40
692,31407.21,2023-02-01,Depósito,False,USD,TXN-000692,Web,1088,538,219,190
693,15104.57,2022-02-07,Depósito,True,GTQ,TXN-000693,ATM,1342,1307,411,152
694,35818.7,2024-10-06,Préstamo,False,COP,TXN-000694,Sucursal,911,1298,252,75
695,17471.48,2023-11-28,Transferencia,False,COP,TXN-000695,Web,255,1139,512,73
696,38331.5,2024-08-03,Transferencia,True,USD,TXN-000696,Telefónico,764,1463,398,26
697,23011.27,2022-03-05,Préstamo,False,GTQ,TXN-000697,App Móvil,40,160,449,192
698,23006.0,2023-07-07,Compra,False,GTQ,TXN-000698,Sucursal,73,785,557,111
699,8913.12,2023-10-05,Préstamo,False,GTQ,TXN-000699,Sucursal,1436,1224,160,29
700,40523.01,2025-01-30,Compra,False,MXN,TXN-000700,Sucursal,748,1185,412,174
701,49910.74,2024-09-23,Pago,False,EUR,TXN-000701,ATM,512,723,540,153
702,24457.6,2022-09-30,Compra,False,COP,TXN-000702,Web,835,94,277,200
703,11531.89,2022-08-07,Pago,False,COP,TXN-000703,App Móvil,175,438,77,70
704,30184.01,2023-09-27,Pago,False,MXN,TXN-000704,ATM,389,97,233,111
705,46144.98,2025-12-29,Préstamo,False,COP,TXN-000705,Sucursal,830,1378,453,197
706,13408.83,2023-02-06,Préstamo,False,GTQ,TXN-000706,App Móvil,129,1423,468,173
707,40231.59,2024-06-13,Retiro,False,COP,TXN-000707,Web,1477,468,400,7
708,48715.73,2025-10-02,Depósito,False,USD,TXN-000708,Sucursal,1052,357,271,182
709,44318.93,2024-12-07,Depósito,False,MXN,TXN-000709,Telefónico,140,290,107,23
710,6429.84,2022-12-07,Transferencia,False,EUR,TXN-000710,Web,259,1377,331,41
711,46164.41,2025-08-07,Compra,False,COP,TXN-000711,Web,774,170,342,159
712,48837.52,2024-07-13,Retiro,False,EUR,TXN-000712,Sucursal,627,808,382,180
713,18745.49,2023-07-28,Retiro,False,GTQ,TXN-000713,App Móvil,440,371,534,25
714,33289.98,2025-11-26,Retiro,False,GTQ,TXN-000714,Web,1409,1091,392,116
715,48318.89,2022-10-23,Transferencia,False,USD,TXN-000715,Telefónico,385,1047,553,26
716,10827.22,2024-05-28,Compra,False,EUR,TXN-000716,App Móvil,1414,1215,550,200
717,46955.59,2025-10-05,Pago,False,USD,TXN-000717,App Móvil,573,1018,77,67
718,12199.07,2023-07-01,Transferencia,False,GTQ,TXN-000718,App Móvil,1356,1070,190,114
719,10360.87,2023-02-05,Transferencia,False,COP,TXN-000719,Sucursal,347,1110,405,75
720,2320.03,2024-05-13,Préstamo,False,MXN,TXN-000720,Sucursal,960,989,112,140
721,18867.05,2024-02-04,Transferencia,False,MXN,TXN-000721,Sucursal,486,953,495,177
722,20807.64,2024-10-18,Pago,False,GTQ,TXN-000722,ATM,135,1304,559,135
723,28050.1,2022-07-30,Compra,False,MXN,TXN-000723,Telefónico,1058,809,228,12
724,8100.15,2025-09-02,Retiro,False,MXN,TXN-000724,ATM,464,1375,440,120
725,29445.23,2022-03-17,Retiro,False,USD,TXN-000725,Telefónico,612,224,21,100
726,1669.19,2025-12-24,Depósito,False,GTQ,TXN-000726,Web,513,1166,306,34
727,49902.47,2025-05-05,Depósito,False,GTQ,TXN-000727,App Móvil,689,1356,566,18
728,28697.67,2025-01-20,Pago,False,COP,TXN-000728,Sucursal,766,1145,476,3
729,8765.82,2023-05-21,Transferencia,False,COP,TXN-000729,Web,947,568,408,187
730,47630.5,2022-01-08,Pago,False,USD,TXN-000730,App Móvil,284,699,434,147
731,35394.87,2023-07-20,Compra,False,GTQ,TXN-000731,Web,52,1128,238,51
732,11547.21,2023-09-03,Pago,False,COP,TXN-000732,App Móvil,754,1117,5,105
733,11973.26,2022-06-22,Depósito,False,EUR,TXN-000733,ATM,742,919,260,97
734,38576.7,2022-09-08,Transferencia,False,USD,TXN-000734,App Móvil,1176,446,312,13
735,45545.0,2022-06-27,Compra,False,EUR,TXN-000735,ATM,182,309,526,163
736,24114.73,2023-03-28,Retiro,False,COP,TXN-000736,Sucursal,1194,1447,103,127
737,42852.44,2023-01-29,Transferencia,False,EUR,TXN-000737,Sucursal,1010,167,513,116
738,15180.2,2025-12-01,Depósito,False,GTQ,TXN-000738,ATM,117,1174,96,101
739,40459.48,2025-07-16,Compra,False,COP,TXN-000739,ATM,519,1108,214,62
740,27935.19,2025-02-15,Depósito,False,MXN,TXN-000740,Sucursal,918,789,476,171
741,479.4,2023-09-28,Retiro,False,COP,TXN-000741,Sucursal,893,125,239,21
742,38017.61,2023-04-08,Pago,True,EUR,TXN-000742,Telefónico,1309,968,431,192
743,22564.93,2024-10-20,Retiro,False,EUR,TXN-000743,App Móvil,1480,1486,1,78
744,44846.28,2025-04-16,Retiro,False,MXN,TXN-000744,Web,1112,576,120,139
745,19356.97,2023-08-16,Pago,False,MXN,TXN-000745,App Móvil,190,706,466,153
746,40883.25,2023-09-05,Depósito,False,MXN,TXN-000746,App Móvil,1196,738,108,28
747,47668.62,2024-03-14,Retiro,False,MXN,TXN-000747,ATM,105,992,297,173
748,17077.61,2025-03-03,Depósito,False,USD,TXN-000748,Web,720,857,397,175
749,14809.2,2025-10-25,Transferencia,False,USD,TXN-000749,Telefónico,1181,431,11,156
750,47832.35,2023-12-16,Préstamo,False,MXN,TXN-000750,App Móvil,1040,529,445,98
751,36448.4,2025-08-24,Préstamo,False,MXN,TXN-000751,App Móvil,1482,1209,224,133
752,39091.57,2025-07-03,Depósito,False,MXN,TXN-000752,Sucursal,271,840,450,153
753,2053.6,2025-03-12,Compra,False,MXN,TXN-000753,Web,768,960,386,58
754,29467.09,2024-06-28,Transferencia,False,GTQ,TXN-000754,App Móvil,1018,960,449,195
755,6168.9,2024-05-09,Pago,False,USD,TXN-000755,App Móvil,489,733,417,139
756,14378.11,2023-01-30,Préstamo,False,USD,TXN-000756,App Móvil,1338,344,147,56
757,46454.4,2024-02-16,Transferencia,False,MXN,TXN-000757,App Móvil,1264,1208,387,145
758,11336.02,2024-03-27,Compra,False,EUR,TXN-000758,Web,530,1450,196,88
759,43998.94,2022-10-15,Compra,False,EUR,TXN-000759,App Móvil,897,1102,140,130
760,24124.89,2022-03-09,Depósito,False,EUR,TXN-000760,ATM,704,497,544,143
761,26590.09,2023-11-29,Pago,False,GTQ,TXN-000761,App Móvil,689,589,593,162
762,12803.69,2023-09-29,Pago,False,COP,TXN-000762,App Móvil,1066,21,332,64
763,38009.03,2022-09-28,Retiro,False,EUR,TXN-000763,App Móvil,910,841,492,143
764,26506.4,2025-01-19,Depósito,False,GTQ,TXN-000764,Web,869,1128,44,59
765,47548.26,2023-05-26,Transferencia,False,MXN,TXN-000765,App Móvil,1479,1209,96,160
766,28013.53,2023-03-04,Compra,False,COP,TXN-000766,Web,1469,668,553,121
767,38839.04,2024-11-29,Depósito,False,USD,TXN-000767,App Móvil,1159,1075,258,41
768,18121.03,2025-03-26,Transferencia,False,MXN,TXN-000768,Telefónico,635,1163,402,80
769,21361.24,2023-01-10,Compra,False,COP,TXN-000769,Telefónico,616,236,7,121
770,16215.83,2023-01-02,Compra,False,MXN,TXN-000770,ATM,10,40,347,176
771,46950.45,2022-11-23,Préstamo,False,GTQ,TXN-000771,App Móvil,163,308,501,93
772,47356.3,2023-07-19,Compra,True,MXN,TXN-000772,Telefónico,610,751,141,169
773,2787.13,2024-04-11,Depósito,False,USD,TXN-000773,Sucursal,1426,140,328,167
774,17782.03,2025-10-25,Compra,False,MXN,TXN-000774,ATM,37,201,283,44
775,43387.38,2024-09-12,Compra,False,EUR,TXN-000775,ATM,105,471,556,49
776,28647.52,2024-10-07,Pago,False,USD,TXN-000776,Telefónico,414,28,222,102
777,32216.76,2022-06-30,Retiro,False,EUR,TXN-000777,Sucursal,1096,1449,158,59
778,24276.47,2025-09-21,Compra,False,EUR,TXN-000778,Telefónico,276,822,103,159
779,358.3,2022-08-07,Compra,False,MXN,TXN-000779,Sucursal,1299,943,495,172
780,30875.08,2025-03-16,Pago,False,GTQ,TXN-000780,App Móvil,271,57,576,40
781,36046.32,2023-04-10,Préstamo,False,USD,TXN-000781,Telefónico,1126,1483,461,1
782,32375.79,2024-09-03,Compra,False,EUR,TXN-000782,Telefónico,551,1179,166,152
783,26780.96,2024-02-01,Retiro,False,GTQ,TXN-000783,App Móvil,212,704,440,55
784,22187.15,2022-12-04,Transferencia,False,MXN,TXN-000784,ATM,1238,1323,471,78
785,49746.0,2023-01-11,Retiro,False,COP,TXN-000785,Sucursal,1426,227,244,150
786,19280.09,2022-06-13,Compra,False,COP,TXN-000786,Web,844,325,72,46
787,28759.49,2024-08-20,Préstamo,False,MXN,TXN-000787,Web,616,1338,445,182
788,8600.84,2023-09-01,Pago,False,EUR,TXN-000788,Web,945,984,351,78
789,25949.41,2024-02-10,Retiro,False,MXN,TXN-000789,App Móvil,1276,948,346,104
790,11147.8,2025-10-17,Préstamo,False,GTQ,TXN-000790,Web,1457,630,586,13
791,46405.51,2025-08-05,Retiro,False,USD,TXN-000791,ATM,464,554,483,149
792,31327.95,2025-03-08,Retiro,False,GTQ,TXN-000792,Telefónico,858,104,68,108
793,24151.63,2022-09-19,Retiro,False,USD,TXN-000793,Sucursal,1432,726,392,178
794,6303.28,2022-11-11,Transferencia,False,USD,TXN-000794,Sucursal,1422,284,237,14
795,35894.44,2025-07-13,Transferencia,False,GTQ,TXN-000795,ATM,1220,174,152,120
796,47211.69,2024-07-31,Pago,False,USD,TXN-000796,Sucursal,496,223,319,17
797,48000.48,2025-03-16,Transferencia,False,GTQ,TXN-000797,App Móvil,530,1007,535,69
798,39861.29,2023-11-07,Compra,False,COP,TXN-000798,ATM,258,1251,460,79
799,28764.68,2025-08-18,Retiro,False,COP,TXN-000799,Sucursal,336,324,426,178
800,39864.55,2023-12-24,Pago,False,COP,TXN-000800,App Móvil,986,977,173,43
801,37090.28,2023-04-29,Depósito,False,EUR,TXN-000801,App Móvil,884,335,44,185
802,30259.64,2022-03-19,Préstamo,True,GTQ,TXN-000802,Sucursal,416,294,308,117
803,43234.62,2023-09-09,Pago,False,MXN,TXN-000803,Telefónico,833,139,501,64
804,15911.76,2022-04-18,Préstamo,False,EUR,TXN-000804,Web,1446,666,255,32
805,24640.54,2025-12-15,Préstamo,False,GTQ,TXN-000805,Sucursal,821,1269,454,94
806,11239.45,2023-04-19,Préstamo,False,COP,TXN-000806,Sucursal,549,1170,20,71
807,36969.69,2023-01-11,Préstamo,False,EUR,TXN-000807,Web,655,435,526,121
808,11129.38,2023-05-24,Compra,False,GTQ,TXN-000808,Web,1143,1422,253,6
809,13868.94,2025-10-23,Pago,False,GTQ,TXN-000809,Web,986,477,236,109
810,42258.24,2024-09-01,Retiro,False,GTQ,TXN-000810,Telefónico,636,208,552,96
811,40948.4,2023-05-11,Pago,False,EUR,TXN-000811,App Móvil,391,1464,332,19
812,6284.42,2023-10-31,Transferencia,False,GTQ,TXN-000812,Sucursal,819,99,92,94
813,26720.73,2025-04-18,Retiro,False,GTQ,TXN-000813,ATM,731,665,156,39
814,33758.43,2024-03-16,Retiro,False,GTQ,TXN-000814,App Móvil,1327,1408,161,96
815,6588.48,2022-03-14,Depósito,False,COP,TXN-000815,App Móvil,763,180,94,64
816,17471.33,2025-11-11,Retiro,False,COP,TXN-000816,ATM,708,44,71,158
817,5512.66,2023-10-06,Retiro,False,MXN,TXN-000817,App Móvil,1461,964,402,111
818,47940.03,2022-09-27,Retiro,False,MXN,TXN-000818,Web,473,356,18,111
819,6715.05,2025-10-06,Préstamo,False,COP,TXN-000819,ATM,247,841,443,61
820,472.81,2024-07-27,Depósito,False,GTQ,TXN-000820,ATM,648,270,43,75
821,15726.47,2024-02-29,Compra,False,EUR,TXN-000821,Sucursal,316,113,457,118
822,9500.47,2024-05-15,Transferencia,False,COP,TXN-000822,App Móvil,159,627,39,28
823,45823.87,2024-05-05,Préstamo,False,GTQ,TXN-000823,App Móvil,91,162,222,154
824,41554.59,2025-02-15,Transferencia,False,COP,TXN-000824,Telefónico,305,995,213,10
825,32825.62,2023-05-13,Compra,False,COP,TXN-000825,App Móvil,576,801,418,131
826,26787.48,2024-12-16,Préstamo,False,EUR,TXN-000826,Sucursal,969,1450,47,90
827,33045.31,2024-03-30,Compra,False,COP,TXN-000827,Web,1286,73,390,123
828,1723.4,2022-11-16,Préstamo,False,MXN,TXN-000828,Web,361,1074,2,186
829,5621.87,2023-08-18,Depósito,False,USD,TXN-000829,Web,1308,1135,470,54
830,14143.07,2023-04-03,Préstamo,False,GTQ,TXN-000830,Telefónico,721,861,228,13
831,22177.8,2025-05-10,Compra,False,COP,TXN-000831,ATM,820,1237,106,165
832,48847.35,2023-02-23,Depósito,False,MXN,TXN-000832,App Móvil,523,710,267,100
833,28219.29,2024-02-16,Compra,False,COP,TXN-000833,Sucursal,985,540,461,96
834,16887.94,2022-07-26,Transferencia,False,MXN,TXN-000834,ATM,141,1150,363,111
835,33445.08,2024-04-03,Pago,False,EUR,TXN-000835,Web,94,720,92,129
836,32794.5,2022-10-28,Transferencia,False,GTQ,TXN-000836,Web,100,1282,358,136
837,16570.51,2023-05-07,Depósito,False,MXN,TXN-000837,Sucursal,709,878,248,5
838,4980.09,2025-02-15,Depósito,False,GTQ,TXN-000838,Telefónico,1387,410,165,107
839,14165.73,2022-11-11,Transferencia,False,GTQ,TXN-000839,Web,221,761,269,171
840,47697.28,2023-08-18,Retiro,False,EUR,TXN-000840,App Móvil,118,284,60,88
841,49627.69,2022-03-16,Préstamo,False,COP,TXN-000841,Telefónico,606,1209,564,54
842,20079.06,2024-12-01,Compra,False,MXN,TXN-000842,Web,1164,1016,318,97
843,10735.61,2023-08-01,Pago,False,COP,TXN-000843,Web,200,803,61,8
844,3982.6,2022-11-19,Compra,False,EUR,TXN-000844,Telefónico,62,1189,232,5
845,48683.18,2024-06-15,Compra,False,COP,TXN-000845,Sucursal,1008,1417,322,70
846,7638.67,2025-11-20,Pago,False,EUR,TXN-000846,App Móvil,847,794,535,156
847,7272.15,2023-11-02,Préstamo,False,MXN,TXN-000847,App Móvil,774,322,5,43
848,1877.38,2023-08-11,Transferencia,False,EUR,TXN-000848,Sucursal,261,512,480,116
849,17977.69,2024-11-28,Compra,False,GTQ,TXN-000849,ATM,210,378,105,133
850,38612.42,2022-01-25,Retiro,False,GTQ,TXN-000850,Sucursal,1289,340,413,111
851,27117.83,2023-01-04,Pago,False,COP,TXN-000851,Web,89,1454,500,135
852,38568.49,2025-06-11,Transferencia,False,COP,TXN-000852,Telefónico,1134,602,391,50
853,16325.99,2025-06-06,Retiro,False,COP,TXN-000853,ATM,853,170,311,78
854,7245.93,2023-06-16,Préstamo,False,COP,TXN-000854,Web,319,31,258,138
855,9577.73,2024-08-03,Pago,True,MXN,TXN-000855,App Móvil,1115,805,308,94
856,47151.67,2022-08-14,Compra,False,GTQ,TXN-000856,Web,86,464,390,174
857,29362.15,2023-06-24,Transferencia,False,COP,TXN-000857,Web,780,1293,588,105
858,4272.64,2022-07-09,Compra,False,COP,TXN-000858,App Móvil,14,785,105,149
859,36684.55,2024-02-14,Préstamo,False,COP,TXN-000859,Web,1261,257,312,186
860,28014.34,2023-03-09,Retiro,False,GTQ,TXN-000860,App Móvil,996,839,226,68
861,4670.89,2024-11-22,Transferencia,False,GTQ,TXN-000861,Telefónico,161,576,107,80
862,46082.27,2023-04-20,Pago,False,EUR,TXN-000862,App Móvil,20,701,456,151
863,15492.79,2024-10-25,Retiro,False,MXN,TXN-000863,App Móvil,1370,5,587,191
864,40335.54,2024-07-17,Transferencia,False,EUR,TXN-000864,Telefónico,563,98,470,135
865,1098.83,2023-12-26,Depósito,False,EUR,TXN-000865,ATM,436,142,486,33
866,16412.83,2025-05-13,Retiro,False,GTQ,TXN-000866,Sucursal,313,938,275,7
867,42893.99,2023-06-28,Retiro,False,COP,TXN-000867,Telefónico,456,440,538,116
868,47128.98,2022-08-07,Préstamo,False,USD,TXN-000868,Sucursal,8,1238,296,23
869,20231.98,2022-01-09,Depósito,False,GTQ,TXN-000869,Web,381,1291,172,110
870,11694.8,2025-08-15,Compra,True,GTQ,TXN-000870,ATM,924,719,501,102
871,34275.4,2022-02-24,Compra,True,COP,TXN-000871,Sucursal,495,180,341,76
872,8295.52,2022-03-18,Depósito,False,EUR,TXN-000872,App Móvil,834,194,63,72
873,47529.66,2025-05-12,Retiro,False,COP,TXN-000873,Sucursal,903,596,598,133
874,25443.19,2024-08-15,Transferencia,False,USD,TXN-000874,Sucursal,1211,557,110,7
875,39898.64,2022-05-28,Depósito,True,MXN,TXN-000875,Web,110,934,493,81
876,29779.96,2022-03-17,Depósito,False,COP,TXN-000876,App Móvil,1176,635,114,19
877,28690.98,2022-04-17,Transferencia,False,EUR,TXN-000877,Telefónico,906,219,25,44
878,14337.83,2024-01-01,Retiro,False,COP,TXN-000878,Sucursal,191,549,459,72
879,11672.34,2023-09-13,Préstamo,False,COP,TXN-000879,Sucursal,466,476,351,96
880,28381.67,2025-10-24,Transferencia,False,USD,TXN-000880,Web,332,469,369,63
881,15562.72,2025-04-14,Compra,False,USD,TXN-000881,Sucursal,3,114,414,90
882,19301.98,2025-06-10,Depósito,False,MXN,TXN-000882,Web,440,1474,107,117
883,43453.97,2025-11-23,Pago,False,EUR,TXN-000883,Telefónico,444,1164,508,184
884,46455.43,2025-02-21,Retiro,False,COP,TXN-000884,Sucursal,1481,312,338,170
885,7680.16,2024-03-05,Compra,False,MXN,TXN-000885,App Móvil,499,1274,268,180
886,13681.24,2022-09-12,Depósito,False,COP,TXN-000886,Sucursal,161,495,451,9
887,18270.91,2022-07-27,Depósito,False,USD,TXN-000887,ATM,882,13,474,156
888,44043.01,2022-10-07,Retiro,False,GTQ,TXN-000888,Sucursal,257,243,571,157
889,37508.27,2024-03-31,Pago,False,COP,TXN-000889,Telefónico,385,760,459,4
890,33134.46,2023-11-03,Retiro,False,MXN,TXN-000890,App Móvil,209,607,237,154
891,12534.37,2025-11-25,Transferencia,False,COP,TXN-000891,Sucursal,1470,487,408,192
892,18112.17,2025-08-21,Transferencia,False,EUR,TXN-000892,App Móvil,1195,310,178,100
893,2405.04,2022-08-16,Préstamo,False,GTQ,TXN-000893,App Móvil,110,15,335,109
894,3529.96,2023-01-30,Compra,False,EUR,TXN-000894,ATM,152,851,527,21
895,42772.23,2025-10-09,Préstamo,True,COP,TXN-000895,Telefónico,286,180,144,168
896,42686.18,2024-02-08,Compra,False,COP,TXN-000896,App Móvil,396,1088,575,104
897,9840.14,2022-05-31,Transferencia,False,EUR,TXN-000897,ATM,980,262,542,32
898,44449.51,2025-07-10,Pago,False,MXN,TXN-000898,ATM,1012,1385,325,186
899,30299.36,2022-05-28,Compra,False,COP,TXN-000899,Web,859,144,144,6
900,37535.14,2024-03-25,Retiro,False,GTQ,TXN-000900,Sucursal,842,437,394,17
901,31372.65,2022-03-01,Pago,False,USD,TXN-000901,Sucursal,1307,1290,269,196
902,31393.29,2024-05-17,Compra,False,USD,TXN-000902,ATM,239,1414,68,106
903,13703.01,2022-10-29,Pago,False,COP,TXN-000903,App Móvil,948,890,586,188
904,8992.45,2024-12-28,Pago,False,MXN,TXN-000904,Sucursal,468,1349,105,45
905,12027.58,2025-05-24,Compra,False,COP,TXN-000905,ATM,780,1234,170,48
906,45350.8,2023-06-11,Retiro,False,EUR,TXN-000906,Telefónico,642,379,286,195
907,21465.94,2025-01-15,Depósito,False,COP,TXN-000907,App Móvil,509,1290,119,20
908,11047.11,2022-02-19,Compra,False,COP,TXN-000908,App Móvil,634,456,329,144
909,4267.79,2025-12-09,Retiro,False,COP,TXN-000909,App Móvil,1024,981,398,179
910,26537.03,2022-04-17,Pago,False,EUR,TXN-000910,Telefónico,342,987,101,177
911,35664.83,2024-03-10,Pago,False,MXN,TXN-000911,Web,312,33,120,106
912,48331.62,2022-02-16,Pago,False,USD,TXN-000912,Web,366,1484,332,131
913,26764.02,2025-06-28,Retiro,True,EUR,TXN-000913,Telefónico,609,149,582,126
914,36076.98,2025-03-15,Pago,False,COP,TXN-000914,ATM,960,466,501,149
915,3381.73,2022-10-27,Retiro,False,MXN,TXN-000915,ATM,647,710,88,19
916,33773.87,2024-07-22,Transferencia,False,USD,TXN-000916,Telefónico,132,982,436,38
917,47892.51,2024-06-01,Transferencia,False,GTQ,TXN-000917,Web,728,805,374,143
918,42509.61,2022-03-04,Transferencia,False,COP,TXN-000918,App Móvil,598,1496,371,102
919,37158.34,2022-10-27,Compra,False,USD,TXN-000919,ATM,511,66,573,36
920,11166.35,2022-12-17,Transferencia,False,GTQ,TXN-000920,Sucursal,1048,956,535,135
921,8596.52,2024-05-24,Retiro,False,EUR,TXN-000921,Telefónico,416,171,358,39
922,23602.09,2025-06-17,Depósito,True,GTQ,TXN-000922,Telefónico,377,6,303,36
923,12676.68,2024-06-13,Préstamo,False,USD,TXN-000923,Sucursal,1116,963,441,196
924,19784.04,2025-07-03,Préstamo,True,EUR,TXN-000924,ATM,429,1289,340,24
925,984.01,2022-06-15,Transferencia,False,COP,TXN-000925,App Móvil,1402,1453,311,177
926,35503.16,2022-12-21,Pago,False,GTQ,TXN-000926,App Móvil,1102,525,215,108
927,6740.67,2022-03-20,Pago,False,COP,TXN-000927,Web,22,926,3,181
928,13593.11,2025-08-03,Retiro,False,USD,TXN-000928,Sucursal,390,1372,339,53
929,49030.74,2022-10-17,Compra,False,GTQ,TXN-000929,Telefónico,1177,235,115,107
930,11063.47,2024-05-23,Compra,False,MXN,TXN-000930,Telefónico,1453,812,483,187
931,472.39,2022-01-03,Retiro,False,EUR,TXN-000931,ATM,1385,626,259,17
932,4988.51,2025-04-03,Depósito,False,GTQ,TXN-000932,App Móvil,39,798,560,74
933,27620.43,2025-09-05,Transferencia,False,MXN,TXN-000933,Sucursal,595,679,307,37
934,41508.48,2022-01-08,Compra,False,USD,TXN-000934,ATM,1189,846,99,31
935,15899.38,2025-06-02,Depósito,True,COP,TXN-000935,Telefónico,735,13,426,26
936,38644.09,2022-11-29,Préstamo,False,EUR,TXN-000936,ATM,1497,1473,164,179
937,8140.61,2025-02-05,Transferencia,False,EUR,TXN-000937,Telefónico,501,1427,562,50
938,22258.23,2023-12-18,Retiro,False,GTQ,TXN-000938,ATM,934,1327,509,104
939,37310.14,2025-05-05,Retiro,False,GTQ,TXN-000939,App Móvil,358,697,90,30
940,40855.4,2025-11-05,Depósito,False,USD,TXN-000940,Sucursal,676,326,457,181
941,26919.76,2023-03-29,Transferencia,False,MXN,TXN-000941,ATM,1113,1131,545,151
942,1003.4,2024-01-05,Compra,False,COP,TXN-000942,App Móvil,39,488,483,31
943,3379.67,2023-09-26,Pago,False,USD,TXN-000943,Telefónico,1114,885,226,95
944,47981.62,2025-09-15,Préstamo,False,EUR,TXN-000944,Telefónico,1439,673,186,12
945,28180.91,2024-06-30,Depósito,False,COP,TXN-000945,Telefónico,668,723,91,28
946,39264.87,2025-01-27,Pago,False,GTQ,TXN-000946,ATM,1394,386,340,120
947,22113.17,2025-10-30,Transferencia,False,GTQ,TXN-000947,Sucursal,844,293,1,141
948,48399.31,2022-03-21,Transferencia,False,EUR,TXN-000948,Web,1168,731,186,30
949,18951.99,2024-02-09,Transferencia,False,GTQ,TXN-000949,Telefónico,421,413,201,70
950,34041.13,2025-10-07,Compra,True,COP,TXN-000950,Telefónico,940,887,233,2
951,14045.36,2022-08-28,Préstamo,False,USD,TXN-000951,Telefónico,1407,1016,491,148
952,23332.45,2023-11-04,Préstamo,False,MXN,TXN-000952,App Móvil,1218,260,226,55
953,24292.64,2024-11-29,Préstamo,False,EUR,TXN-000953,Web,1067,1387,526,94
954,43040.41,2024-11-15,Préstamo,False,GTQ,TXN-000954,Telefónico,1317,1149,265,199
955,23375.91,2022-04-15,Préstamo,False,COP,TXN-000955,App Móvil,481,1179,5,121
956,29373.4,2025-06-06,Préstamo,False,EUR,TXN-000956,ATM,486,1017,321,119
957,32975.79,2023-09-27,Retiro,False,GTQ,TXN-000957,App Móvil,1401,1316,463,104
958,37193.43,2025-08-04,Retiro,False,EUR,TXN-000958,Web,1191,349,305,197
959,49675.79,2024-03-11,Transferencia,False,EUR,TXN-000959,Web,926,727,350,149
960,10472.81,2023-11-06,Préstamo,False,COP,TXN-000960,App Móvil,1336,1056,474,156
961,48306.66,2023-10-06,Depósito,False,COP,TXN-000961,Web,1442,1173,509,85
962,49311.25,2024-02-14,Depósito,False,COP,TXN-000962,ATM,854,1364,224,79
963,24445.4,2023-03-08,Transferencia,False,MXN,TXN-000963,App Móvil,1387,80,478,120
964,44009.27,2023-01-31,Retiro,False,GTQ,TXN-000964,App Móvil,795,193,504,131
965,19401.33,2023-01-26,Pago,False,COP,TXN-000965,ATM,1095,447,290,4
966,20445.92,2023-11-28,Pago,False,COP,TXN-000966,ATM,484,388,45,187
967,4359.05,2022-10-11,Préstamo,False,MXN,TXN-000967,ATM,384,460,201,41
968,15684.96,2023-11-09,Transferencia,False,EUR,TXN-000968,Telefónico,940,488,462,40
969,34501.7,2022-09-20,Pago,False,EUR,TXN-000969,Sucursal,538,1217,499,20
970,39612.61,2022-03-10,Compra,False,USD,TXN-000970,ATM,599,869,322,95
971,22579.71,2022-11-01,Transferencia,False,GTQ,TXN-000971,Sucursal,706,1424,117,121
972,9736.13,2023-06-28,Retiro,False,COP,TXN-000972,ATM,516,151,482,101
973,5397.6,2025-09-19,Compra,False,GTQ,TXN-000973,Web,228,328,490,174
974,42138.52,2024-06-15,Préstamo,False,MXN,TXN-000974,App Móvil,1500,30,158,44
975,32458.88,2025-07-18,Transferencia,False,EUR,TXN-000975,Sucursal,307,1109,304,73
976,34751.78,2022-01-09,Retiro,False,EUR,TXN-000976,ATM,859,1142,332,88
977,2562.24,2023-03-11,Préstamo,False,EUR,TXN-000977,Sucursal,1190,682,7,128
978,38410.34,2025-10-08,Retiro,False,USD,TXN-000978,Web,1021,998,141,125
979,28832.15,2023-06-23,Préstamo,False,MXN,TXN-000979,App Móvil,840,393,30,134
980,37094.1,2025-03-04,Depósito,False,USD,TXN-000980,Sucursal,365,1422,577,5
981,9196.24,2024-06-28,Retiro,True,EUR,TXN-000981,App Móvil,377,1405,411,27
982,1865.94,2024-08-04,Transferencia,False,GTQ,TXN-000982,ATM,938,1241,111,45
983,10368.25,2023-06-02,Retiro,False,COP,TXN-000983,App Móvil,80,115,469,112
984,44703.4,2024-02-23,Pago,False,GTQ,TXN-000984,Telefónico,1228,975,199,176
985,40896.7,2025-07-24,Transferencia,False,COP,TXN-000985,Web,487,1406,592,97
986,7343.83,2023-11-22,Pago,True,GTQ,TXN-000986,Sucursal,1329,1249,88,41
987,2115.77,2025-02-19,Pago,True,USD,TXN-000987,Telefónico,355,856,239,168
988,37432.4,2022-04-21,Retiro,False,EUR,TXN-000988,Telefónico,949,911,574,83
989,26777.04,2022-12-08,Compra,False,USD,TXN-000989,App Móvil,1006,1109,410,50
990,34651.55,2025-11-21,Préstamo,False,GTQ,TXN-000990,App Móvil,309,326,172,108
991,2660.27,2024-05-01,Préstamo,False,MXN,TXN-000991,ATM,1182,1134,516,149
992,37035.18,2024-04-16,Transferencia,False,COP,TXN-000992,Sucursal,664,282,20,166
993,22003.64,2023-06-11,Retiro,False,USD,TXN-000993,ATM,874,544,473,56
994,23294.16,2024-10-10,Compra,False,COP,TXN-000994,ATM,928,1127,15,114
995,34956.75,2023-10-14,Depósito,False,MXN,TXN-000995,Sucursal,8,1428,55,112
996,45245.05,2025-05-27,Depósito,False,USD,TXN-000996,Telefónico,177,292,314,40
997,3074.22,2024-11-15,Pago,False,MXN,TXN-000997,App Móvil,817,1070,387,66
998,1352.02,2024-10-06,Transferencia,False,COP,TXN-000998,Sucursal,245,897,35,86
999,35864.59,2022-01-22,Pago,False,GTQ,TXN-000999,Sucursal,793,1493,388,79
1000,41907.3,2022-10-23,Depósito,False,COP,TXN-001000,Telefónico,967,1183,196,32
1001,6685.47,2023-05-03,Retiro,False,EUR,TXN-001001,App Móvil,357,538,409,5
1002,30200.47,2025-02-13,Préstamo,False,EUR,TXN-001002,Telefónico,174,1182,21,134
1003,46548.79,2022-01-03,Préstamo,False,COP,TXN-001003,Sucursal,902,6,498,27
1004,1980.09,2022-07-31,Préstamo,False,GTQ,TXN-001004,Sucursal,752,350,293,15
1005,11254.52,2025-03-31,Retiro,False,MXN,TXN-001005,Telefónico,584,464,389,116
1006,32409.35,2022-06-20,Préstamo,False,GTQ,TXN-001006,ATM,1433,311,69,24
1007,46258.44,2024-08-18,Transferencia,True,GTQ,TXN-001007,Sucursal,72,1169,569,189
1008,36328.37,2022-04-09,Pago,True,EUR,TXN-001008,ATM,742,58,579,122
1009,38132.43,2025-12-11,Préstamo,False,COP,TXN-001009,Web,335,1406,34,21
1010,8615.71,2024-08-21,Retiro,False,COP,TXN-001010,Telefónico,25,1382,485,69
1011,33725.2,2023-11-15,Préstamo,False,USD,TXN-001011,Telefónico,1328,944,433,83
1012,37410.82,2022-12-09,Retiro,False,USD,TXN-001012,Sucursal,1219,925,265,172
1013,2817.26,2023-08-06,Transferencia,False,EUR,TXN-001013,Web,1329,340,452,75
1014,42540.86,2023-01-20,Pago,False,MXN,TXN-001014,Telefónico,81,1393,236,114
1015,37080.51,2025-11-07,Compra,False,MXN,TXN-001015,Sucursal,868,810,547,30
1016,38358.45,2024-12-21,Retiro,True,EUR,TXN-001016,Sucursal,1385,772,91,118
1017,32868.39,2024-12-02,Retiro,False,COP,TXN-001017,Sucursal,617,1227,529,131
1018,13650.78,2024-11-21,Transferencia,False,USD,TXN-001018,ATM,162,564,516,103
1019,36726.23,2024-06-28,Retiro,False,EUR,TXN-001019,ATM,351,581,28,145
1020,27896.48,2023-06-14,Retiro,False,USD,TXN-001020,ATM,1265,1183,149,113
1021,4867.59,2025-11-17,Transferencia,False,COP,TXN-001021,ATM,1211,224,73,137
1022,33874.63,2025-06-02,Compra,False,EUR,TXN-001022,Telefónico,513,841,228,43
1023,17854.72,2022-08-30,Compra,False,USD,TXN-001023,App Móvil,157,498,465,186
1024,32545.21,2024-12-25,Transferencia,False,GTQ,TXN-001024,Web,1423,407,152,169
1025,7751.62,2024-10-11,Préstamo,False,USD,TXN-001025,App Móvil,858,543,343,85
1026,41313.46,2024-11-24,Depósito,False,COP,TXN-001026,App Móvil,608,1120,145,17
1027,48587.42,2025-01-10,Retiro,False,MXN,TXN-001027,ATM,578,964,396,2
1028,29197.89,2022-08-01,Depósito,False,COP,TXN-001028,ATM,604,358,486,47
1029,21494.71,2024-10-19,Retiro,False,COP,TXN-001029,App Móvil,166,538,278,89
1030,41610.67,2024-07-02,Depósito,False,COP,TXN-001030,Telefónico,296,1273,531,167
1031,29488.12,2024-08-02,Depósito,False,EUR,TXN-001031,ATM,1268,932,286,85
1032,44175.05,2022-05-22,Pago,False,EUR,TXN-001032,App Móvil,1051,529,119,157
1033,46781.65,2023-03-13,Depósito,False,GTQ,TXN-001033,ATM,279,1479,446,47
1034,16650.24,2025-12-01,Compra,False,USD,TXN-001034,ATM,1425,930,386,64
1035,1370.5,2023-07-25,Compra,False,EUR,TXN-001035,ATM,1057,1235,491,155
1036,35941.16,2024-04-13,Transferencia,False,GTQ,TXN-001036,ATM,497,865,420,142
1037,35265.5,2023-05-07,Transferencia,False,MXN,TXN-001037,App Móvil,824,279,429,86
1038,25927.82,2023-04-21,Transferencia,False,MXN,TXN-001038,App Móvil,1257,517,135,181
1039,31786.93,2023-05-24,Transferencia,False,USD,TXN-001039,Sucursal,268,921,181,167
1040,3379.61,2025-08-21,Pago,False,EUR,TXN-001040,ATM,1466,1008,468,91
1041,43080.26,2022-08-04,Pago,False,GTQ,TXN-001041,Web,857,386,557,179
1042,27231.09,2024-09-26,Compra,False,GTQ,TXN-001042,Sucursal,30,1007,427,20
1043,44101.4,2024-11-11,Retiro,False,COP,TXN-001043,Sucursal,654,1428,386,60
1044,16311.91,2022-06-13,Compra,False,GTQ,TXN-001044,Web,725,887,565,175
1045,16936.04,2022-12-17,Préstamo,True,COP,TXN-001045,Telefónico,1070,361,391,111
1046,45567.5,2025-06-10,Retiro,False,MXN,TXN-001046,Telefónico,1197,85,539,195
1047,26847.47,2025-11-19,Compra,False,EUR,TXN-001047,Sucursal,636,360,37,85
1048,12134.52,2025-10-13,Pago,False,COP,TXN-001048,Telefónico,316,92,569,118
1049,10488.31,2022-02-04,Pago,False,MXN,TXN-001049,Sucursal,187,344,536,112
1050,39384.53,2024-09-11,Compra,False,MXN,TXN-001050,Web,601,260,438,139
1051,38892.02,2022-10-22,Compra,False,MXN,TXN-001051,Sucursal,1439,1359,30,185
1052,324.55,2024-09-16,Depósito,False,COP,TXN-001052,Web,499,307,276,113
1053,20340.93,2023-04-12,Pago,False,EUR,TXN-001053,ATM,164,15,378,123
1054,44536.47,2025-08-24,Pago,False,MXN,TXN-001054,Sucursal,498,701,38,15
1055,10656.15,2025-12-16,Compra,False,MXN,TXN-001055,Web,522,678,63,33
1056,37275.75,2022-09-17,Pago,False,COP,TXN-001056,ATM,947,452,459,6
1057,8169.22,2022-11-09,Retiro,False,EUR,TXN-001057,ATM,640,1453,298,106
1058,36325.0,2023-04-02,Compra,False,MXN,TXN-001058,Sucursal,1068,1237,40,76
1059,20784.3,2025-01-05,Transferencia,False,EUR,TXN-001059,Telefónico,214,213,432,164
1060,43473.56,2024-12-16,Depósito,False,EUR,TXN-001060,Sucursal,585,819,11,77
1061,33563.45,2025-10-06,Depósito,False,MXN,TXN-001061,Web,571,1055,213,48
1062,31183.75,2025-11-13,Pago,True,EUR,TXN-001062,Telefónico,1458,366,339,91
1063,45901.81,2022-01-22,Préstamo,False,MXN,TXN-001063,Web,1095,953,245,174
1064,47001.44,2025-04-29,Préstamo,False,EUR,TXN-001064,Web,1260,537,432,71
1065,20634.9,2025-05-02,Retiro,False,USD,TXN-001065,App Móvil,66,1000,88,33
1066,11277.19,2025-03-25,Compra,False,GTQ,TXN-001066,App Móvil,1472,97,248,185
1067,4564.96,2022-10-22,Compra,False,USD,TXN-001067,Web,1034,1022,365,109
1068,2676.52,2025-01-27,Transferencia,False,GTQ,TXN-001068,Telefónico,1126,1280,18,30
1069,10343.24,2023-02-09,Retiro,False,MXN,TXN-001069,Sucursal,750,448,22,34
1070,22498.09,2024-08-01,Transferencia,False,EUR,TXN-001070,Sucursal,1303,1344,375,156
1071,31053.54,2025-04-05,Préstamo,False,EUR,TXN-001071,ATM,884,1352,507,88
1072,30584.15,2024-01-24,Transferencia,False,EUR,TXN-001072,ATM,1164,703,246,177
1073,6708.85,2022-06-19,Depósito,False,GTQ,TXN-001073,ATM,1289,793,527,94
1074,27961.95,2022-11-25,Préstamo,False,EUR,TXN-001074,Web,587,153,376,37
1075,44712.06,2025-08-14,Compra,False,USD,TXN-001075,App Móvil,127,929,404,167
1076,43684.57,2025-12-24,Pago,False,GTQ,TXN-001076,ATM,642,198,384,126
1077,14799.62,2023-02-23,Transferencia,False,USD,TXN-001077,Sucursal,605,1456,395,196
1078,23166.84,2025-01-25,Pago,True,EUR,TXN-001078,App Móvil,1276,537,194,187
1079,42913.57,2022-07-07,Pago,False,EUR,TXN-001079,ATM,743,1400,10,189
1080,29141.65,2024-06-12,Pago,False,EUR,TXN-001080,App Móvil,1439,355,590,65
1081,39862.87,2025-02-03,Transferencia,False,EUR,TXN-001081,Web,185,361,363,123
1082,29153.9,2022-02-25,Retiro,True,MXN,TXN-001082,Telefónico,1171,650,259,23
1083,11840.97,2023-09-12,Depósito,False,GTQ,TXN-001083,App Móvil,280,1343,567,153
1084,10205.28,2023-04-23,Retiro,False,COP,TXN-001084,ATM,179,234,485,18
1085,30045.32,2024-06-04,Préstamo,False,USD,TXN-001085,Sucursal,414,439,438,140
1086,9290.12,2022-09-21,Transferencia,False,GTQ,TXN-001086,Web,852,179,27,198
1087,4324.76,2023-02-22,Compra,False,GTQ,TXN-001087,Web,339,1269,41,24
1088,42966.29,2022-11-30,Compra,False,COP,TXN-001088,Telefónico,594,1213,52,143
1089,26419.31,2024-02-17,Préstamo,True,MXN,TXN-001089,ATM,1117,1321,370,41
1090,41226.83,2025-03-25,Compra,False,GTQ,TXN-001090,Telefónico,386,240,158,18
1091,9617.74,2025-02-24,Préstamo,False,USD,TXN-001091,App Móvil,1374,445,453,39
1092,44051.27,2024-09-28,Transferencia,False,EUR,TXN-001092,App Móvil,479,883,496,22
1093,10890.58,2025-02-27,Transferencia,False,COP,TXN-001093,App Móvil,24,1342,519,196
1094,1797.88,2022-03-03,Transferencia,False,USD,TXN-001094,Web,982,596,163,6
1095,47634.74,2024-01-24,Depósito,False,GTQ,TXN-001095,Sucursal,510,558,79,66
1096,38499.64,2024-10-12,Depósito,False,EUR,TXN-001096,Web,1064,973,367,182
1097,7609.67,2024-02-12,Préstamo,True,USD,TXN-001097,App Móvil,1338,941,404,7
1098,24878.18,2022-06-07,Transferencia,False,GTQ,TXN-001098,ATM,402,1357,451,8
1099,30606.46,2023-02-26,Transferencia,False,MXN,TXN-001099,Sucursal,385,1175,473,6
1100,29694.46,2025-05-08,Depósito,False,MXN,TXN-001100,Telefónico,28,708,252,184
1101,10917.82,2022-03-01,Depósito,False,GTQ,TXN-001101,ATM,281,508,536,3
1102,24778.92,2023-07-16,Préstamo,False,GTQ,TXN-001102,Telefónico,55,1188,431,51
1103,10817.97,2022-03-04,Depósito,False,EUR,TXN-001103,Telefónico,512,374,503,76
1104,27090.15,2023-01-30,Compra,False,USD,TXN-001104,Web,585,1426,480,86
1105,270.16,2023-01-17,Pago,False,COP,TXN-001105,ATM,1229,1500,555,178
1106,18697.95,2023-07-16,Retiro,False,EUR,TXN-001106,App Móvil,290,1405,217,159
1107,47741.22,2023-03-16,Retiro,False,COP,TXN-001107,Web,235,1180,241,110
1108,28044.08,2025-12-25,Depósito,False,USD,TXN-001108,Sucursal,1016,1112,577,163
1109,47642.85,2022-03-08,Retiro,False,USD,TXN-001109,Sucursal,395,298,262,113
1110,15566.93,2023-07-15,Compra,False,MXN,TXN-001110,Sucursal,746,1063,273,26
1111,24559.78,2022-03-21,Depósito,False,USD,TXN-001111,App Móvil,805,473,469,86
1112,28758.62,2022-03-18,Transferencia,False,EUR,TXN-001112,ATM,707,346,526,78
1113,5180.9,2023-07-06,Retiro,False,GTQ,TXN-001113,ATM,10,1051,450,46
1114,35339.61,2025-12-10,Depósito,False,GTQ,TXN-001114,App Móvil,1115,231,425,138
1115,5107.85,2022-03-05,Pago,False,MXN,TXN-001115,App Móvil,781,243,92,133
1116,19989.43,2023-11-13,Retiro,False,EUR,TXN-001116,ATM,1245,341,389,90
1117,37078.51,2023-05-21,Depósito,False,COP,TXN-001117,ATM,529,360,238,128
1118,49432.05,2023-02-11,Retiro,False,EUR,TXN-001118,ATM,926,184,288,87
1119,33731.61,2022-02-28,Transferencia,False,USD,TXN-001119,App Móvil,1161,726,89,24
1120,32180.01,2024-10-13,Pago,False,USD,TXN-001120,Telefónico,1231,848,386,151
1121,34352.58,2025-08-27,Préstamo,False,MXN,TXN-001121,Web,966,547,400,136
1122,18388.85,2022-04-24,Compra,False,EUR,TXN-001122,Sucursal,475,1096,22,150
1123,1478.54,2025-03-20,Transferencia,False,MXN,TXN-001123,ATM,397,530,34,140
1124,9456.91,2023-06-16,Transferencia,False,USD,TXN-001124,ATM,233,143,541,161
1125,13607.79,2024-08-28,Depósito,False,GTQ,TXN-001125,App Móvil,516,1151,431,45
1126,16542.67,2023-11-18,Préstamo,False,GTQ,TXN-001126,ATM,998,1169,186,153
1127,14261.34,2024-05-26,Compra,False,EUR,TXN-001127,ATM,728,523,142,22
1128,42130.05,2023-12-26,Depósito,False,USD,TXN-001128,Sucursal,1427,975,352,44
1129,48361.78,2022-05-17,Préstamo,False,MXN,TXN-001129,Web,1026,16,278,79
1130,33116.58,2023-10-16,Compra,False,USD,TXN-001130,Web,945,1188,321,173
1131,35582.82,2022-11-29,Depósito,False,EUR,TXN-001131,Telefónico,241,839,499,184
1132,47777.93,2022-04-19,Transferencia,False,MXN,TXN-001132,App Móvil,187,1407,477,143
1133,34157.57,2025-07-27,Préstamo,False,EUR,TXN-001133,Sucursal,212,257,415,20
1134,42823.18,2025-03-05,Retiro,False,COP,TXN-001134,ATM,491,84,93,179
1135,31279.41,2023-05-18,Retiro,False,EUR,TXN-001135,Web,591,356,555,52
1136,24174.83,2024-08-24,Préstamo,False,EUR,TXN-001136,Sucursal,1311,437,504,147
1137,32980.64,2022-10-11,Depósito,True,EUR,TXN-001137,Sucursal,1137,256,281,164
1138,23622.93,2023-12-01,Compra,False,COP,TXN-001138,Web,935,1457,67,135
1139,33760.04,2025-05-02,Retiro,False,GTQ,TXN-001139,App Móvil,960,77,500,187
1140,5808.52,2022-06-05,Retiro,False,MXN,TXN-001140,ATM,1182,248,261,98
1141,4095.48,2025-04-08,Compra,False,USD,TXN-001141,App Móvil,1460,1331,591,118
1142,8631.37,2024-09-29,Pago,False,COP,TXN-001142,Telefónico,744,622,345,182
1143,24857.11,2024-09-15,Retiro,False,COP,TXN-001143,Sucursal,379,494,470,2
1144,28020.27,2025-07-19,Pago,False,EUR,TXN-001144,Web,116,961,177,86
1145,4336.44,2025-02-10,Transferencia,False,COP,TXN-001145,Web,195,322,170,104
1146,48579.74,2024-04-17,Préstamo,True,MXN,TXN-001146,Sucursal,990,1171,20,38
1147,18035.68,2023-02-21,Compra,False,USD,TXN-001147,Telefónico,1109,882,370,118
1148,15378.87,2025-10-01,Compra,False,USD,TXN-001148,App Móvil,130,840,2,4
1149,49651.28,2025-04-30,Transferencia,False,MXN,TXN-001149,App Móvil,387,1399,252,125
1150,26391.21,2024-05-03,Préstamo,False,MXN,TXN-001150,Telefónico,1066,125,231,43
1151,40029.42,2025-12-17,Transferencia,False,COP,TXN-001151,Telefónico,75,1022,241,70
1152,29697.45,2025-11-17,Depósito,False,MXN,TXN-001152,ATM,1034,556,554,113
1153,8808.36,2022-05-02,Depósito,False,EUR,TXN-001153,ATM,839,1402,349,102
1154,6670.25,2024-01-09,Préstamo,False,EUR,TXN-001154,App Móvil,649,905,523,42
1155,22342.96,2024-10-17,Depósito,False,COP,TXN-001155,ATM,1029,211,4,11
1156,16698.88,2022-11-02,Transferencia,False,USD,TXN-001156,Sucursal,397,630,184,102
1157,2926.8,2024-03-07,Préstamo,False,EUR,TXN-001157,ATM,1253,463,176,96
1158,12083.69,2022-03-09,Depósito,False,EUR,TXN-001158,App Móvil,908,457,391,59
1159,21639.7,2025-08-18,Pago,False,EUR,TXN-001159,Sucursal,687,178,410,191
1160,6117.36,2025-02-16,Pago,False,MXN,TXN-001160,Telefónico,981,754,26,16
1161,42029.71,2024-03-29,Préstamo,False,MXN,TXN-001161,Telefónico,1475,734,214,50
1162,21729.43,2023-06-13,Pago,False,USD,TXN-001162,Telefónico,279,1009,364,179
1163,38668.8,2023-04-18,Depósito,False,USD,TXN-001163,Web,820,327,510,173
1164,16857.56,2022-07-28,Transferencia,False,USD,TXN-001164,Web,362,382,483,197
1165,44268.47,2025-11-20,Compra,True,EUR,TXN-001165,Web,1432,1464,213,65
1166,37155.75,2023-02-09,Pago,True,USD,TXN-001166,Web,70,419,127,162
1167,44363.0,2024-12-28,Retiro,False,EUR,TXN-001167,Sucursal,1284,1101,85,33
1168,24348.42,2022-01-26,Retiro,False,MXN,TXN-001168,Web,738,1323,451,26
1169,40049.33,2024-02-01,Préstamo,False,GTQ,TXN-001169,Sucursal,1214,1073,432,147
1170,27022.28,2025-08-29,Préstamo,False,MXN,TXN-001170,ATM,1350,790,379,181
1171,15129.56,2022-10-23,Transferencia,False,EUR,TXN-001171,Sucursal,731,630,553,57
1172,33439.17,2022-03-03,Retiro,False,USD,TXN-001172,Web,950,1272,462,51
1173,21439.54,2025-06-17,Pago,False,EUR,TXN-001173,Web,1327,1234,539,143
1174,40141.42,2025-05-20,Depósito,True,COP,TXN-001174,Telefónico,438,1302,480,174
1175,43126.8,2022-06-14,Préstamo,False,EUR,TXN-001175,App Móvil,1377,1061,244,43
1176,25495.36,2025-10-12,Depósito,False,EUR,TXN-001176,ATM,194,1217,83,175
1177,1502.37,2024-03-22,Depósito,False,MXN,TXN-001177,Telefónico,1403,1490,415,164
1178,20169.59,2023-09-02,Depósito,False,MXN,TXN-001178,Sucursal,1375,76,96,77
1179,33930.21,2022-10-19,Compra,False,COP,TXN-001179,ATM,1164,1182,92,188
1180,26391.58,2022-10-28,Depósito,False,MXN,TXN-001180,Web,2,474,157,27
1181,28303.32,2025-10-18,Depósito,False,EUR,TXN-001181,Web,667,722,587,174
1182,29832.58,2023-11-21,Compra,False,EUR,TXN-001182,App Móvil,850,467,206,143
1183,16026.05,2024-04-29,Retiro,False,MXN,TXN-001183,ATM,1153,713,204,20
1184,25682.25,2022-04-20,Pago,False,GTQ,TXN-001184,App Móvil,963,120,150,189
1185,19014.67,2025-10-30,Préstamo,False,USD,TXN-001185,ATM,958,418,400,169
1186,35993.62,2022-12-15,Préstamo,False,USD,TXN-001186,ATM,945,420,518,116
1187,10699.22,2024-05-22,Préstamo,False,MXN,TXN-001187,App Móvil,549,1156,99,149
1188,30164.38,2024-11-29,Depósito,False,MXN,TXN-001188,App Móvil,254,69,453,54
1189,15483.99,2024-07-05,Compra,False,COP,TXN-001189,Web,316,847,481,132
1190,18159.73,2022-07-07,Depósito,False,MXN,TXN-001190,App Móvil,732,1258,24,154
1191,4845.41,2025-12-19,Préstamo,False,EUR,TXN-001191,Telefónico,406,1016,111,4
1192,37563.84,2023-07-11,Depósito,False,MXN,TXN-001192,Telefónico,585,717,308,66
1193,34436.42,2025-01-10,Depósito,False,COP,TXN-001193,App Móvil,1012,438,334,34
1194,1509.42,2024-06-13,Retiro,False,GTQ,TXN-001194,Telefónico,1027,1173,196,114
1195,37010.1,2025-04-30,Compra,False,COP,TXN-001195,Telefónico,1111,621,243,114
1196,40766.26,2025-05-26,Depósito,False,COP,TXN-001196,ATM,561,503,220,129
1197,7895.55,2022-11-03,Pago,False,GTQ,TXN-001197,Telefónico,84,810,585,166
1198,19502.83,2025-05-30,Préstamo,False,USD,TXN-001198,ATM,1212,1379,228,77
1199,12564.25,2023-11-07,Pago,False,GTQ,TXN-001199,Web,476,734,105,176
1200,1619.36,2024-07-14,Transferencia,False,GTQ,TXN-001200,Telefónico,729,797,560,12
1201,43390.39,2023-08-19,Depósito,False,MXN,TXN-001201,App Móvil,430,677,307,151
1202,23852.2,2023-07-20,Depósito,False,MXN,TXN-001202,Telefónico,121,435,126,169
1203,4062.38,2023-11-24,Transferencia,False,USD,TXN-001203,Telefónico,168,873,415,179
1204,27566.94,2024-10-26,Préstamo,False,GTQ,TXN-001204,Telefónico,642,720,46,11
1205,15699.66,2023-03-17,Pago,False,EUR,TXN-001205,Web,620,252,557,107
1206,33078.77,2023-04-03,Compra,True,EUR,TXN-001206,ATM,1464,1465,1,197
1207,29310.19,2024-09-13,Pago,False,COP,TXN-001207,App Móvil,54,343,109,8
1208,42779.8,2024-08-11,Transferencia,False,COP,TXN-001208,App Móvil,141,378,384,144
1209,37386.2,2022-07-05,Compra,False,EUR,TXN-001209,Telefónico,113,789,582,198
1210,9492.74,2024-02-05,Transferencia,False,EUR,TXN-001210,ATM,1185,238,124,148
1211,40650.82,2023-04-01,Compra,False,MXN,TXN-001211,Telefónico,195,1376,449,21
1212,39749.72,2024-09-16,Transferencia,False,COP,TXN-001212,App Móvil,1028,887,319,157
1213,42535.98,2025-02-17,Préstamo,False,EUR,TXN-001213,App Móvil,303,1224,503,180
1214,21134.0,2025-04-25,Pago,False,USD,TXN-001214,Web,208,1230,77,196
1215,28828.61,2022-10-04,Transferencia,False,COP,TXN-001215,ATM,399,573,43,171
1216,23905.24,2024-08-22,Depósito,False,EUR,TXN-001216,Telefónico,107,437,570,90
1217,35820.24,2022-01-15,Depósito,False,MXN,TXN-001217,App Móvil,790,317,70,177
1218,39451.77,2022-03-09,Préstamo,False,USD,TXN-001218,App Móvil,372,849,398,152
1219,21472.02,2022-07-11,Pago,False,GTQ,TXN-001219,App Móvil,759,151,568,111
1220,3182.98,2022-09-06,Préstamo,False,USD,TXN-001220,Web,99,1318,227,51
1221,16234.06,2024-11-06,Depósito,False,COP,TXN-001221,Web,122,373,61,110
1222,5759.96,2025-09-19,Retiro,False,COP,TXN-001222,Sucursal,309,453,569,169
1223,35058.68,2022-08-04,Transferencia,False,COP,TXN-001223,Sucursal,1409,1035,111,147
1224,2429.63,2022-03-05,Retiro,False,USD,TXN-001224,App Móvil,829,1122,67,37
1225,39632.4,2022-09-08,Depósito,True,EUR,TXN-001225,App Móvil,101,445,571,197
1226,12762.89,2024-04-13,Transferencia,False,COP,TXN-001226,App Móvil,28,519,512,27
1227,40224.07,2023-04-29,Retiro,False,MXN,TXN-001227,Telefónico,526,79,334,68
1228,43765.33,2024-04-07,Transferencia,True,COP,TXN-001228,ATM,575,1160,514,9
1229,34618.62,2023-11-29,Depósito,False,MXN,TXN-001229,Telefónico,848,270,571,57
1230,31887.53,2023-12-15,Compra,False,GTQ,TXN-001230,Sucursal,1402,1267,265,37
1231,3917.92,2025-06-21,Préstamo,False,GTQ,TXN-001231,ATM,1246,562,368,117
1232,45385.98,2023-01-26,Préstamo,False,COP,TXN-001232,ATM,1333,908,466,104
1233,4287.91,2023-12-09,Pago,False,GTQ,TXN-001233,App Móvil,800,1239,401,74
1234,26226.58,2022-09-10,Depósito,False,EUR,TXN-001234,Sucursal,1015,285,532,82
1235,6746.19,2025-11-06,Depósito,False,USD,TXN-001235,Telefónico,1193,30,457,100
1236,37930.16,2025-01-11,Depósito,False,MXN,TXN-001236,App Móvil,174,248,195,79
1237,6382.46,2024-03-30,Compra,False,COP,TXN-001237,Sucursal,1223,1070,495,167
1238,19797.74,2024-10-16,Préstamo,False,MXN,TXN-001238,ATM,95,256,46,41
1239,41094.77,2022-09-28,Pago,False,GTQ,TXN-001239,Web,129,746,331,38
1240,48051.59,2023-12-01,Préstamo,False,MXN,TXN-001240,App Móvil,561,368,1,134
1241,41885.91,2024-03-10,Transferencia,False,MXN,TXN-001241,Web,658,1071,111,93
1242,38638.01,2024-01-08,Préstamo,True,USD,TXN-001242,ATM,116,696,204,197
1243,35952.41,2024-01-31,Depósito,False,GTQ,TXN-001243,ATM,180,386,236,74
1244,12117.6,2025-12-27,Transferencia,False,GTQ,TXN-001244,Telefónico,1360,306,88,38
1245,45821.69,2023-04-09,Préstamo,False,GTQ,TXN-001245,ATM,1186,555,77,72
1246,46312.63,2023-04-01,Retiro,False,USD,TXN-001246,Sucursal,64,1103,494,152
1247,34461.84,2022-11-01,Transferencia,False,GTQ,TXN-001247,Sucursal,1115,310,544,38
1248,10858.37,2025-03-04,Préstamo,False,COP,TXN-001248,App Móvil,468,190,515,28
1249,48006.1,2025-03-06,Depósito,False,USD,TXN-001249,ATM,1338,32,167,105
1250,25970.72,2024-06-10,Pago,False,EUR,TXN-001250,ATM,705,949,517,122
1251,38817.33,2022-09-19,Depósito,False,USD,TXN-001251,ATM,925,579,515,134
1252,9779.13,2024-10-08,Préstamo,False,USD,TXN-001252,ATM,1092,295,319,76
1253,31973.33,2022-08-28,Transferencia,False,MXN,TXN-001253,Telefónico,381,263,571,194
1254,1271.86,2023-05-27,Retiro,True,EUR,TXN-001254,ATM,383,1134,236,142
1255,25544.11,2022-01-15,Retiro,False,MXN,TXN-001255,Sucursal,1080,383,485,112
1256,35432.48,2025-01-11,Compra,False,MXN,TXN-001256,ATM,778,776,329,181
1257,22342.84,2022-09-22,Transferencia,False,MXN,TXN-001257,ATM,1427,1026,213,19
1258,35841.97,2024-01-08,Compra,False,USD,TXN-001258,App Móvil,1401,441,381,199
1259,19812.66,2025-09-03,Transferencia,False,MXN,TXN-001259,ATM,1453,280,85,66
1260,199.59,2022-02-01,Depósito,False,GTQ,TXN-001260,ATM,540,451,294,92
1261,39424.8,2023-09-19,Retiro,False,MXN,TXN-001261,ATM,292,1211,278,53
1262,29762.01,2024-09-07,Transferencia,False,GTQ,TXN-001262,ATM,438,142,233,59
1263,39276.7,2022-12-04,Compra,False,MXN,TXN-001263,Telefónico,498,567,479,8
1264,37502.76,2025-07-20,Retiro,False,USD,TXN-001264,ATM,189,52,309,154
1265,18221.19,2025-12-06,Retiro,False,COP,TXN-001265,Sucursal,1229,1017,71,188
1266,25334.35,2024-09-02,Compra,False,MXN,TXN-001266,App Móvil,1087,1073,134,30
1267,29542.26,2023-06-07,Pago,False,MXN,TXN-001267,Sucursal,751,1173,225,132
1268,45152.09,2022-04-03,Pago,False,USD,TXN-001268,App Móvil,262,1006,165,43
1269,43548.48,2025-02-14,Transferencia,False,MXN,TXN-001269,App Móvil,382,470,297,116
1270,5891.79,2024-12-11,Pago,False,MXN,TXN-001270,Telefónico,424,1405,475,80
1271,36155.62,2022-01-14,Depósito,False,GTQ,TXN-001271,Web,942,966,413,99
1272,20116.81,2024-07-09,Depósito,True,USD,TXN-001272,Web,842,724,563,40
1273,39374.31,2022-09-18,Transferencia,False,COP,TXN-001273,Web,247,371,516,107
1274,24043.26,2024-06-20,Pago,False,MXN,TXN-001274,ATM,1101,338,221,154
1275,42525.87,2024-01-08,Préstamo,False,COP,TXN-001275,Sucursal,422,405,584,43
1276,45007.7,2024-03-24,Transferencia,False,EUR,TXN-001276,Telefónico,1357,76,361,60
1277,10127.2,2023-06-26,Pago,False,EUR,TXN-001277,Telefónico,194,373,284,149
1278,5632.13,2023-09-26,Depósito,False,EUR,TXN-001278,App Móvil,1152,188,158,67
1279,1464.17,2023-04-27,Depósito,False,COP,TXN-001279,App Móvil,372,243,486,194
1280,15353.42,2023-04-07,Depósito,False,EUR,TXN-001280,Telefónico,1450,39,98,22
1281,36333.3,2024-01-11,Préstamo,False,COP,TXN-001281,ATM,1412,842,587,67
1282,31137.02,2023-02-09,Transferencia,False,USD,TXN-001282,Sucursal,342,151,199,177
1283,28814.27,2024-03-29,Depósito,False,MXN,TXN-001283,Telefónico,807,690,505,122
1284,28402.12,2025-02-18,Depósito,False,GTQ,TXN-001284,Web,1000,750,317,23
1285,49921.0,2023-12-10,Pago,True,COP,TXN-001285,App Móvil,995,527,561,168
1286,8966.02,2022-09-24,Pago,False,USD,TXN-001286,Telefónico,1115,610,14,174
1287,5757.92,2022-03-09,Transferencia,False,GTQ,TXN-001287,App Móvil,1004,832,230,157
1288,15404.33,2023-09-23,Retiro,False,USD,TXN-001288,Web,218,685,423,65
1289,7822.63,2025-04-13,Compra,True,GTQ,TXN-001289,App Móvil,1023,1267,3,186
1290,4871.47,2023-05-28,Depósito,False,COP,TXN-001290,App Móvil,1075,807,320,161
1291,28538.63,2024-09-12,Pago,False,COP,TXN-001291,App Móvil,1349,1235,391,117
1292,19050.69,2024-03-03,Depósito,False,USD,TXN-001292,App Móvil,1256,1173,599,173
1293,2262.28,2023-02-01,Depósito,False,USD,TXN-001293,Sucursal,808,243,313,58
1294,2866.17,2024-03-03,Compra,False,COP,TXN-001294,Sucursal,1382,356,163,69
1295,49209.1,2025-08-15,Retiro,False,EUR,TXN-001295,Sucursal,744,1271,201,41
1296,365.58,2023-11-19,Retiro,False,COP,TXN-001296,App Móvil,1002,957,478,174
1297,31271.27,2024-04-27,Transferencia,False,COP,TXN-001297,Sucursal,1023,422,521,88
1298,27595.72,2025-08-05,Préstamo,False,COP,TXN-001298,Sucursal,833,1042,65,9
1299,33680.78,2023-12-12,Compra,False,MXN,TXN-001299,Sucursal,1073,703,301,55
1300,49643.04,2023-07-11,Depósito,False,GTQ,TXN-001300,Web,1428,399,392,52
1301,19786.71,2024-05-18,Retiro,False,COP,TXN-001301,Sucursal,308,1004,271,189
1302,22228.05,2024-02-28,Compra,False,EUR,TXN-001302,Telefónico,686,1062,272,114
1303,17685.63,2023-05-04,Retiro,False,MXN,TXN-001303,ATM,161,715,328,166
1304,31929.92,2024-01-17,Pago,False,MXN,TXN-001304,Sucursal,74,1469,174,154
1305,27962.32,2024-12-09,Compra,False,MXN,TXN-001305,ATM,1326,12,233,165
1306,16644.98,2024-06-22,Retiro,True,EUR,TXN-001306,Telefónico,1278,530,34,198
1307,374.5,2023-03-19,Pago,False,COP,TXN-001307,ATM,988,1076,413,149
1308,36083.56,2024-04-13,Compra,False,MXN,TXN-001308,ATM,387,383,538,11
1309,40573.01,2023-03-30,Depósito,True,USD,TXN-001309,App Móvil,1427,567,282,23
1310,36088.32,2022-12-28,Préstamo,False,EUR,TXN-001310,App Móvil,721,3,322,27
1311,20386.49,2024-12-27,Depósito,False,COP,TXN-001311,Sucursal,94,290,211,52
1312,23369.28,2023-06-30,Préstamo,False,MXN,TXN-001312,Sucursal,597,809,39,64
1313,45172.41,2025-03-14,Compra,False,MXN,TXN-001313,ATM,448,280,115,86
1314,39130.15,2025-03-24,Retiro,False,GTQ,TXN-001314,App Móvil,1218,301,91,6
1315,24466.76,2024-12-28,Transferencia,True,COP,TXN-001315,ATM,367,1287,118,101
1316,13125.92,2024-09-01,Compra,False,MXN,TXN-001316,Web,613,1061,531,51
1317,21361.54,2023-03-17,Retiro,False,MXN,TXN-001317,ATM,484,45,277,181
1318,29506.2,2022-02-16,Retiro,False,USD,TXN-001318,Sucursal,969,1082,33,48
1319,36312.7,2024-08-21,Retiro,False,MXN,TXN-001319,Sucursal,958,60,62,124
1320,42308.47,2025-10-25,Transferencia,False,USD,TXN-001320,Telefónico,175,1304,187,62
1321,46122.8,2025-03-13,Transferencia,False,USD,TXN-001321,Web,1473,818,504,119
1322,29915.1,2023-09-02,Préstamo,False,GTQ,TXN-001322,Web,520,746,255,128
1323,22300.25,2025-11-21,Compra,False,GTQ,TXN-001323,Sucursal,843,1026,593,17
1324,40134.2,2025-08-06,Retiro,False,GTQ,TXN-001324,App Móvil,92,1287,438,69
1325,1800.27,2023-02-24,Compra,False,EUR,TXN-001325,Sucursal,84,1016,544,188
1326,48449.57,2023-04-12,Retiro,False,COP,TXN-001326,ATM,551,1050,474,55
1327,33000.11,2022-01-15,Retiro,False,EUR,TXN-001327,Telefónico,887,673,133,123
1328,2897.21,2022-08-30,Depósito,True,COP,TXN-001328,Telefónico,379,1053,251,170
1329,12292.77,2024-05-26,Depósito,False,COP,TXN-001329,ATM,799,525,515,69
1330,44438.99,2025-09-11,Compra,False,EUR,TXN-001330,Telefónico,535,548,221,7
1331,48586.17,2025-07-06,Retiro,True,MXN,TXN-001331,App Móvil,410,382,351,40
1332,31253.48,2024-01-11,Pago,True,USD,TXN-001332,App Móvil,867,1269,134,156
1333,31126.31,2023-03-25,Transferencia,False,COP,TXN-001333,Web,1225,1349,252,92
1334,13244.21,2023-05-17,Transferencia,True,MXN,TXN-001334,Telefónico,819,723,121,91
1335,40217.48,2023-03-03,Pago,False,GTQ,TXN-001335,App Móvil,564,124,150,161
1336,10757.94,2023-10-31,Transferencia,False,GTQ,TXN-001336,ATM,1248,732,132,52
1337,47369.06,2022-03-21,Préstamo,False,MXN,TXN-001337,Telefónico,161,1361,130,15
1338,43725.57,2022-03-08,Compra,False,USD,TXN-001338,App Móvil,617,1083,355,77
1339,35443.74,2024-11-23,Retiro,False,MXN,TXN-001339,Sucursal,1087,590,458,53
1340,47059.2,2023-11-06,Préstamo,False,EUR,TXN-001340,Web,1202,1077,539,27
1341,26793.85,2025-10-21,Pago,False,COP,TXN-001341,Web,768,174,448,71
1342,17758.24,2024-10-30,Retiro,False,USD,TXN-001342,ATM,270,1202,374,166
1343,20945.95,2024-12-13,Préstamo,False,GTQ,TXN-001343,ATM,957,1405,347,152
1344,2691.34,2025-03-23,Depósito,False,COP,TXN-001344,ATM,85,500,311,68
1345,19390.15,2023-11-25,Transferencia,False,EUR,TXN-001345,Telefónico,1028,929,568,73
1346,44239.91,2022-03-04,Compra,False,COP,TXN-001346,Web,1199,236,262,74
1347,14531.14,2023-11-12,Transferencia,False,MXN,TXN-001347,Sucursal,834,1458,370,89
1348,34891.48,2023-03-07,Retiro,False,EUR,TXN-001348,Telefónico,722,1232,524,20
1349,37834.05,2022-11-09,Depósito,False,MXN,TXN-001349,ATM,127,1040,308,115
1350,24837.68,2024-02-02,Compra,False,USD,TXN-001350,ATM,926,1286,291,182
1351,10849.09,2023-08-14,Préstamo,False,COP,TXN-001351,Web,241,259,495,153
1352,1936.49,2025-12-26,Retiro,False,EUR,TXN-001352,ATM,963,1261,292,141
1353,34402.57,2023-06-28,Préstamo,False,GTQ,TXN-001353,Sucursal,636,1166,437,34
1354,28186.36,2025-09-11,Depósito,False,GTQ,TXN-001354,Web,405,1389,338,94
1355,17181.87,2022-12-12,Depósito,True,MXN,TXN-001355,Sucursal,1201,453,270,160
1356,15063.28,2022-11-10,Depósito,False,USD,TXN-001356,Sucursal,43,770,407,93
1357,47096.27,2022-08-20,Préstamo,False,USD,TXN-001357,ATM,405,129,106,128
1358,2803.55,2024-01-17,Retiro,False,COP,TXN-001358,Web,1305,102,297,91
1359,48171.66,2024-01-15,Depósito,False,USD,TXN-001359,App Móvil,729,1275,435,143
1360,10184.83,2025-09-09,Depósito,False,MXN,TXN-001360,Sucursal,1359,440,522,14
1361,17812.51,2025-04-03,Transferencia,True,GTQ,TXN-001361,Telefónico,1148,1255,428,195
1362,14692.22,2022-07-01,Retiro,True,EUR,TXN-001362,Sucursal,1470,105,573,83
1363,31291.1,2025-04-09,Pago,False,USD,TXN-001363,Sucursal,325,192,570,99
1364,34085.66,2022-05-21,Préstamo,False,MXN,TXN-001364,App Móvil,95,1262,537,148
1365,27320.62,2022-02-20,Transferencia,False,GTQ,TXN-001365,ATM,1061,1037,381,196
1366,29864.89,2024-01-27,Pago,False,USD,TXN-001366,App Móvil,1131,404,166,104
1367,1658.59,2025-11-05,Préstamo,False,USD,TXN-001367,Web,584,100,585,111
1368,29375.9,2022-01-05,Préstamo,False,USD,TXN-001368,Telefónico,498,1024,574,163
1369,8486.29,2022-05-09,Compra,False,COP,TXN-001369,Telefónico,917,1063,217,136
1370,47630.05,2022-07-23,Depósito,False,MXN,TXN-001370,Sucursal,609,581,414,64
1371,36960.02,2023-09-05,Compra,False,GTQ,TXN-001371,Web,560,277,302,48
1372,14612.18,2024-04-25,Retiro,False,EUR,TXN-001372,App Móvil,829,891,264,119
1373,9714.28,2022-12-07,Depósito,False,COP,TXN-001373,Sucursal,1328,1145,417,62
1374,39246.93,2022-07-10,Préstamo,False,COP,TXN-001374,Sucursal,906,1217,455,78
1375,28328.25,2024-12-14,Depósito,False,GTQ,TXN-001375,ATM,559,1249,264,99
1376,49138.08,2025-12-11,Retiro,False,USD,TXN-001376,App Móvil,1249,445,335,85
1377,15554.51,2025-06-13,Retiro,False,GTQ,TXN-001377,Web,896,827,388,150
1378,46937.75,2023-07-04,Compra,False,MXN,TXN-001378,Sucursal,23,1138,429,171
1379,47937.25,2025-01-06,Pago,False,USD,TXN-001379,Telefónico,1064,131,150,63
1380,31510.93,2022-10-07,Retiro,False,MXN,TXN-001380,Telefónico,1362,1332,503,36
1381,11335.56,2024-09-22,Préstamo,False,COP,TXN-001381,ATM,381,108,55,100
1382,3225.45,2024-10-04,Retiro,False,COP,TXN-001382,ATM,1384,1459,508,129
1383,46412.83,2023-11-03,Compra,False,MXN,TXN-001383,ATM,501,106,461,170
1384,40974.1,2024-02-01,Depósito,False,COP,TXN-001384,Sucursal,818,1335,576,174
1385,44335.75,2022-09-27,Depósito,False,MXN,TXN-001385,Sucursal,5,111,268,164
1386,13205.74,2023-04-05,Pago,False,MXN,TXN-001386,App Móvil,524,1233,377,106
1387,48106.82,2023-05-30,Retiro,False,USD,TXN-001387,App Móvil,220,523,63,75
1388,49034.47,2024-06-26,Retiro,False,MXN,TXN-001388,App Móvil,310,180,378,36
1389,16296.6,2022-07-09,Compra,False,COP,TXN-001389,ATM,104,512,23,88
1390,31371.2,2023-10-11,Compra,False,EUR,TXN-001390,App Móvil,838,767,557,23
1391,49444.66,2023-01-16,Préstamo,False,COP,TXN-001391,Telefónico,1282,539,488,109
1392,49755.21,2024-09-30,Préstamo,False,COP,TXN-001392,App Móvil,842,1455,286,33
1393,27402.88,2022-03-25,Préstamo,True,COP,TXN-001393,Telefónico,425,419,80,189
1394,1917.63,2025-05-20,Transferencia,False,COP,TXN-001394,ATM,1006,89,358,118
1395,29023.14,2024-01-12,Compra,False,COP,TXN-001395,App Móvil,1341,606,342,34
1396,35167.49,2025-06-24,Depósito,False,GTQ,TXN-001396,App Móvil,969,39,297,56
1397,41083.34,2022-01-13,Préstamo,True,MXN,TXN-001397,Sucursal,649,1032,376,32
1398,21411.05,2022-11-10,Pago,True,GTQ,TXN-001398,Sucursal,453,83,563,151
1399,16964.22,2024-07-30,Transferencia,False,EUR,TXN-001399,Sucursal,934,589,245,40
1400,12299.0,2024-06-27,Retiro,False,USD,TXN-001400,App Móvil,90,581,184,106
1401,17575.99,2022-12-26,Pago,False,USD,TXN-001401,Sucursal,871,843,89,106
1402,25514.53,2022-10-26,Retiro,False,MXN,TXN-001402,ATM,729,696,340,87
1403,22850.57,2022-04-21,Préstamo,False,USD,TXN-001403,Sucursal,307,863,485,192
1404,22740.18,2022-01-16,Transferencia,False,EUR,TXN-001404,Sucursal,118,295,564,125
1405,28956.57,2022-06-05,Transferencia,False,USD,TXN-001405,App Móvil,86,873,536,24
1406,43476.33,2023-01-05,Pago,False,EUR,TXN-001406,Web,785,930,589,59
1407,844.73,2023-07-13,Compra,False,EUR,TXN-001407,Telefónico,1426,474,328,21
1408,23659.29,2024-06-24,Compra,True,EUR,TXN-001408,Web,858,678,149,28
1409,11367.83,2022-12-28,Depósito,False,EUR,TXN-001409,Sucursal,1447,1082,542,86
1410,16552.57,2022-02-20,Pago,False,GTQ,TXN-001410,ATM,1287,1402,71,199
1411,16156.46,2024-10-30,Transferencia,False,EUR,TXN-001411,App Móvil,1337,133,52,156
1412,14228.82,2023-05-23,Pago,False,MXN,TXN-001412,Web,454,390,244,2
1413,35436.33,2023-09-12,Pago,False,MXN,TXN-001413,App Móvil,647,988,3,148
1414,5984.7,2023-06-24,Pago,False,MXN,TXN-001414,Sucursal,1107,578,34,164
1415,4803.65,2023-07-07,Depósito,False,GTQ,TXN-001415,App Móvil,1325,301,189,88
1416,43692.46,2025-10-24,Pago,False,USD,TXN-001416,Telefónico,1442,1434,482,24
1417,42029.98,2024-02-19,Compra,False,GTQ,TXN-001417,Sucursal,920,1315,388,155
1418,1850.14,2024-10-07,Préstamo,False,USD,TXN-001418,Telefónico,911,768,245,8
1419,49051.78,2024-01-14,Compra,False,GTQ,TXN-001419,Sucursal,1437,142,562,49
1420,32526.5,2023-03-10,Depósito,False,EUR,TXN-001420,Sucursal,507,1470,29,133
1421,40832.9,2022-03-30,Depósito,False,EUR,TXN-001421,ATM,1234,1462,364,39
1422,10139.57,2024-08-14,Transferencia,False,MXN,TXN-001422,Sucursal,685,1170,378,2
1423,19603.96,2024-08-18,Compra,False,EUR,TXN-001423,Sucursal,1181,535,151,168
1424,22513.84,2022-11-24,Depósito,False,GTQ,TXN-001424,Web,1478,374,393,190
1425,28060.04,2022-02-10,Préstamo,False,GTQ,TXN-001425,App Móvil,133,249,226,112
1426,32471.16,2025-03-16,Transferencia,False,COP,TXN-001426,App Móvil,7,1204,479,13
1427,49733.24,2024-04-11,Préstamo,False,USD,TXN-001427,Telefónico,101,403,25,89
1428,34518.84,2024-10-02,Depósito,False,GTQ,TXN-001428,App Móvil,1369,1366,285,172
1429,6715.24,2022-09-23,Transferencia,False,GTQ,TXN-001429,Telefónico,1206,951,344,110
1430,38647.69,2024-04-01,Retiro,False,MXN,TXN-001430,App Móvil,1327,1344,503,116
1431,15903.56,2024-03-10,Préstamo,False,COP,TXN-001431,App Móvil,415,1302,172,39
1432,43267.38,2022-09-04,Pago,False,EUR,TXN-001432,Sucursal,76,726,246,187
1433,22983.59,2024-12-22,Préstamo,False,COP,TXN-001433,Web,1166,1358,361,12
1434,17852.65,2023-06-29,Préstamo,False,COP,TXN-001434,Sucursal,100,1016,485,49
1435,6041.18,2022-08-20,Depósito,False,MXN,TXN-001435,ATM,744,1109,522,116
1436,22561.83,2025-06-11,Compra,False,EUR,TXN-001436,Telefónico,578,1023,315,56
1437,18648.46,2025-04-23,Depósito,False,GTQ,TXN-001437,Web,1100,482,360,38
1438,30585.59,2024-02-18,Retiro,True,MXN,TXN-001438,Telefónico,74,165,127,39
1439,5605.68,2024-05-10,Compra,False,COP,TXN-001439,Web,782,1006,216,95
1440,1888.21,2023-05-18,Compra,False,MXN,TXN-001440,Telefónico,490,1390,222,11
1441,19671.81,2024-09-04,Retiro,False,USD,TXN-001441,Web,658,1314,338,85
1442,34480.4,2025-05-10,Préstamo,True,EUR,TXN-001442,Telefónico,365,868,503,65
1443,6203.27,2022-11-19,Depósito,False,COP,TXN-001443,Telefónico,984,1033,202,75
1444,22608.36,2022-12-05,Pago,False,USD,TXN-001444,Telefónico,755,251,227,22
1445,23009.9,2022-01-17,Pago,False,COP,TXN-001445,ATM,903,1321,450,96
1446,2783.49,2024-09-14,Préstamo,False,MXN,TXN-001446,Sucursal,1320,1328,577,21
1447,10199.96,2025-10-02,Retiro,False,USD,TXN-001447,ATM,940,616,327,53
1448,25150.19,2022-05-21,Préstamo,False,EUR,TXN-001448,Sucursal,717,508,361,9
1449,44997.58,2022-04-13,Compra,False,EUR,TXN-001449,Telefónico,1204,289,36,188
1450,29580.29,2024-07-12,Préstamo,False,EUR,TXN-001450,Sucursal,386,780,191,157
1451,9981.37,2025-01-02,Depósito,False,MXN,TXN-001451,App Móvil,526,404,534,138
1452,838.47,2023-07-12,Pago,False,COP,TXN-001452,ATM,646,665,273,28
1453,3382.27,2024-09-23,Préstamo,False,COP,TXN-001453,Sucursal,124,1469,267,160
1454,13927.47,2022-08-23,Transferencia,False,GTQ,TXN-001454,Telefónico,396,715,73,130
1455,30751.48,2025-06-28,Préstamo,False,GTQ,TXN-001455,Web,1118,1312,160,196
1456,12278.54,2023-10-20,Pago,False,COP,TXN-001456,ATM,1286,1201,515,163
1457,4466.73,2022-03-18,Pago,False,EUR,TXN-001457,Sucursal,159,207,379,102
1458,4634.5,2024-04-23,Retiro,False,USD,TXN-001458,Sucursal,109,1317,192,78
1459,14198.78,2022-01-07,Pago,False,GTQ,TXN-001459,Web,685,663,350,182
1460,31152.95,2022-10-23,Préstamo,False,USD,TXN-001460,Telefónico,514,798,292,2
1461,37539.95,2023-08-28,Pago,False,EUR,TXN-001461,Sucursal,1004,171,393,16
1462,41661.68,2025-11-04,Transferencia,False,GTQ,TXN-001462,Sucursal,1279,698,52,64
1463,42663.12,2024-06-23,Compra,True,EUR,TXN-001463,App Móvil,1169,1077,401,49
1464,3737.19,2022-06-24,Préstamo,False,USD,TXN-001464,App Móvil,691,274,175,43
1465,5343.64,2022-05-18,Depósito,False,COP,TXN-001465,App Móvil,597,1297,346,112
1466,41501.75,2023-11-19,Retiro,False,GTQ,TXN-001466,Web,519,1361,224,173
1467,19609.37,2022-01-26,Pago,False,COP,TXN-001467,ATM,404,891,69,85
1468,37953.3,2022-08-27,Depósito,False,COP,TXN-001468,App Móvil,883,1427,383,187
1469,8530.07,2023-11-06,Pago,True,EUR,TXN-001469,Telefónico,970,1124,183,44
1470,43140.72,2022-07-30,Préstamo,False,EUR,TXN-001470,Web,176,1198,585,150
1471,25193.82,2023-08-06,Transferencia,False,GTQ,TXN-001471,Web,1245,554,526,93
1472,19844.6,2023-01-24,Compra,False,GTQ,TXN-001472,ATM,1421,1441,173,106
1473,296.02,2022-11-29,Préstamo,False,GTQ,TXN-001473,App Móvil,659,316,462,78
1474,2591.54,2025-08-17,Retiro,False,EUR,TXN-001474,Sucursal,88,312,516,132
1475,20168.25,2025-01-18,Transferencia,False,COP,TXN-001475,Web,1067,801,475,48
1476,12372.17,2025-09-30,Retiro,False,COP,TXN-001476,App Móvil,1229,256,427,80
1477,31966.83,2023-10-04,Pago,False,USD,TXN-001477,App Móvil,560,1422,574,168
1478,4927.71,2023-10-07,Pago,True,USD,TXN-001478,App Móvil,53,195,368,104
1479,44361.7,2023-01-10,Compra,False,EUR,TXN-001479,App Móvil,1093,350,129,38
1480,19732.86,2024-09-03,Transferencia,False,USD,TXN-001480,Web,1488,516,11,36
1481,46865.31,2023-06-03,Pago,False,USD,TXN-001481,Telefónico,642,506,435,113
1482,23709.6,2022-10-03,Compra,True,USD,TXN-001482,Telefónico,81,918,549,127
1483,45497.34,2024-03-20,Depósito,False,EUR,TXN-001483,App Móvil,1311,1447,553,180
1484,43164.27,2024-07-08,Préstamo,True,EUR,TXN-001484,Web,1023,997,300,177
1485,12062.69,2022-03-15,Retiro,False,GTQ,TXN-001485,App Móvil,107,42,505,38
1486,40218.3,2023-07-21,Pago,False,MXN,TXN-001486,ATM,581,947,297,17
1487,49439.49,2023-03-01,Compra,False,USD,TXN-001487,Sucursal,895,1365,445,193
1488,35668.34,2023-10-16,Préstamo,False,USD,TXN-001488,Web,1483,1454,569,169
1489,8471.28,2025-03-26,Pago,False,MXN,TXN-001489,Web,212,1130,171,199
1490,32548.99,2024-09-06,Préstamo,False,GTQ,TXN-001490,ATM,941,1125,185,167
1491,45190.32,2025-08-25,Pago,False,GTQ,TXN-001491,Telefónico,476,722,377,149
1492,41032.73,2025-10-28,Compra,False,COP,TXN-001492,Web,482,145,83,167
1493,12479.83,2022-04-27,Retiro,False,GTQ,TXN-001493,Sucursal,392,653,4,127
1494,316.44,2023-09-02,Compra,False,EUR,TXN-001494,Telefónico,982,768,410,51
1495,18900.46,2024-04-29,Pago,False,GTQ,TXN-001495,Web,710,935,560,3
1496,17926.56,2023-06-11,Compra,False,EUR,TXN-001496,ATM,667,1186,285,192
1497,45012.23,2023-11-21,Transferencia,False,USD,TXN-001497,Web,351,334,36,191
1498,3375.37,2025-04-06,Depósito,False,USD,TXN-001498,ATM,671,1255,113,192
1499,1305.23,2023-09-25,Retiro,False,GTQ,TXN-001499,Web,1442,204,440,59
1500,36709.39,2023-11-18,Préstamo,True,GTQ,TXN-001500,ATM,824,729,67,126
1501,44146.31,2022-10-16,Pago,False,EUR,TXN-001501,Web,487,1018,430,180
1502,39344.43,2022-03-22,Préstamo,False,USD,TXN-001502,Web,998,1029,222,163
1503,7004.98,2022-05-10,Compra,False,COP,TXN-001503,Telefónico,1117,230,236,91
1504,22161.58,2023-10-18,Pago,False,GTQ,TXN-001504,App Móvil,630,1382,166,113
1505,21161.35,2024-10-16,Pago,False,GTQ,TXN-001505,App Móvil,650,1191,314,156
1506,49526.71,2022-02-03,Compra,False,COP,TXN-001506,Sucursal,422,489,166,62
1507,36602.84,2025-04-05,Retiro,False,GTQ,TXN-001507,App Móvil,111,885,241,137
1508,40060.31,2024-05-05,Retiro,False,COP,TXN-001508,ATM,196,1044,95,174
1509,6458.17,2023-09-16,Transferencia,False,EUR,TXN-001509,App Móvil,77,92,558,23
1510,6744.45,2024-05-15,Transferencia,False,MXN,TXN-001510,Telefónico,917,94,482,137
1511,39629.1,2022-05-12,Retiro,False,COP,TXN-001511,Telefónico,913,1314,588,123
1512,33240.35,2023-07-28,Pago,False,EUR,TXN-001512,Sucursal,23,430,262,55
1513,15346.28,2022-03-30,Depósito,False,EUR,TXN-001513,App Móvil,1484,420,47,6
1514,107.2,2023-08-22,Transferencia,True,USD,TXN-001514,App Móvil,603,810,241,87
1515,48002.55,2023-09-14,Pago,False,GTQ,TXN-001515,Sucursal,751,684,151,176
1516,33953.97,2024-01-02,Depósito,False,MXN,TXN-001516,Web,1395,262,88,126
1517,35541.54,2025-05-13,Compra,False,COP,TXN-001517,Telefónico,774,158,509,184
1518,24560.42,2024-06-15,Retiro,False,GTQ,TXN-001518,Web,1135,930,513,123
1519,3832.06,2025-05-27,Compra,False,GTQ,TXN-001519,Telefónico,952,1345,588,58
1520,32164.72,2022-03-27,Retiro,False,COP,TXN-001520,Sucursal,1259,935,231,10
1521,5854.29,2023-12-01,Préstamo,False,COP,TXN-001521,Sucursal,564,740,523,22
1522,41416.68,2022-08-21,Compra,False,COP,TXN-001522,App Móvil,1322,935,511,149
1523,38945.19,2022-03-24,Pago,False,GTQ,TXN-001523,ATM,1347,825,497,82
1524,30994.62,2022-08-06,Compra,False,EUR,TXN-001524,Web,1045,679,401,185
1525,18091.24,2023-09-19,Compra,False,USD,TXN-001525,Web,288,68,598,47
1526,33716.86,2022-03-05,Depósito,False,USD,TXN-001526,Telefónico,918,167,322,108
1527,7022.22,2024-08-16,Préstamo,True,GTQ,TXN-001527,ATM,935,18,202,118
1528,13962.46,2023-12-11,Retiro,True,EUR,TXN-001528,ATM,1145,1345,225,173
1529,14127.95,2022-03-15,Depósito,False,COP,TXN-001529,Telefónico,655,547,424,117
1530,48384.62,2025-01-06,Compra,False,USD,TXN-001530,Web,959,1431,109,196
1531,22782.04,2025-09-26,Transferencia,False,EUR,TXN-001531,App Móvil,65,80,318,127
1532,39116.73,2022-08-05,Préstamo,False,MXN,TXN-001532,ATM,140,256,504,138
1533,44626.31,2022-02-17,Préstamo,False,EUR,TXN-001533,Telefónico,1419,32,438,105
1534,26095.61,2023-07-14,Pago,False,MXN,TXN-001534,Web,991,168,300,77
1535,34788.25,2024-04-28,Depósito,False,GTQ,TXN-001535,App Móvil,1020,122,17,31
1536,23315.4,2023-05-12,Pago,True,EUR,TXN-001536,Sucursal,1029,949,49,178
1537,14694.95,2022-03-01,Depósito,False,USD,TXN-001537,Web,585,1351,316,97
1538,38636.16,2025-06-10,Depósito,False,EUR,TXN-001538,Telefónico,1351,867,62,194
1539,38792.18,2023-04-12,Compra,False,GTQ,TXN-001539,Sucursal,438,1309,453,160
1540,46675.6,2023-06-19,Depósito,False,COP,TXN-001540,Web,1219,1025,291,120
1541,42755.11,2025-10-24,Pago,False,GTQ,TXN-001541,App Móvil,46,579,524,110
1542,6803.61,2023-06-26,Retiro,False,MXN,TXN-001542,ATM,591,502,100,131
1543,23191.18,2024-08-30,Transferencia,False,GTQ,TXN-001543,Web,256,341,278,62
1544,9898.54,2023-12-27,Depósito,False,MXN,TXN-001544,ATM,943,555,30,177
1545,19003.33,2025-08-22,Préstamo,False,USD,TXN-001545,Web,678,431,127,19
1546,5469.94,2025-04-27,Transferencia,True,USD,TXN-001546,App Móvil,690,529,389,3
1547,12399.85,2025-04-09,Pago,False,GTQ,TXN-001547,App Móvil,1002,210,370,33
1548,48888.76,2022-12-02,Préstamo,False,MXN,TXN-001548,Sucursal,362,155,251,192
1549,28031.3,2023-10-10,Depósito,False,GTQ,TXN-001549,App Móvil,749,410,420,28
1550,33407.09,2025-06-05,Retiro,False,EUR,TXN-001550,Web,1404,641,424,180
1551,13767.86,2023-10-07,Pago,False,MXN,TXN-001551,ATM,175,1094,549,40
1552,6371.35,2024-01-26,Transferencia,False,COP,TXN-001552,App Móvil,823,1086,277,157
1553,15554.13,2023-01-28,Pago,True,USD,TXN-001553,ATM,1189,1346,569,95
1554,41275.6,2025-11-21,Pago,False,EUR,TXN-001554,Web,1215,472,521,133
1555,1410.64,2023-10-10,Transferencia,False,MXN,TXN-001555,Telefónico,62,689,91,150
1556,41065.75,2024-01-09,Retiro,False,EUR,TXN-001556,Web,1406,1292,367,47
1557,35064.58,2024-09-15,Retiro,False,EUR,TXN-001557,ATM,575,1442,580,100
1558,12271.65,2023-08-02,Transferencia,False,GTQ,TXN-001558,Sucursal,542,1203,9,99
1559,43690.75,2024-03-10,Retiro,False,COP,TXN-001559,Sucursal,1164,1090,129,190
1560,18214.08,2023-03-02,Depósito,False,MXN,TXN-001560,Telefónico,1376,937,234,144
1561,43268.53,2024-02-17,Transferencia,False,COP,TXN-001561,App Móvil,721,1335,144,32
1562,1227.62,2024-01-09,Retiro,False,EUR,TXN-001562,Web,46,521,446,12
1563,3031.72,2025-06-12,Pago,False,USD,TXN-001563,ATM,190,890,480,8
1564,7174.76,2024-01-09,Préstamo,False,GTQ,TXN-001564,Sucursal,902,1155,304,52
1565,19718.15,2022-09-27,Retiro,True,GTQ,TXN-001565,Web,255,1405,599,77
1566,31734.72,2024-12-23,Retiro,False,EUR,TXN-001566,Web,505,1381,471,143
1567,7773.15,2024-05-25,Transferencia,False,MXN,TXN-001567,Telefónico,1174,733,271,146
1568,13135.55,2023-09-20,Compra,False,EUR,TXN-001568,Telefónico,849,1487,363,117
1569,8673.3,2022-08-12,Depósito,False,EUR,TXN-001569,Web,1039,238,450,187
1570,11436.8,2025-10-30,Retiro,False,GTQ,TXN-001570,Web,219,1084,219,154
1571,43126.22,2024-09-01,Depósito,False,GTQ,TXN-001571,Sucursal,428,808,419,70
1572,38324.61,2022-03-24,Retiro,False,MXN,TXN-001572,ATM,1456,63,376,26
1573,27626.05,2022-06-12,Transferencia,False,GTQ,TXN-001573,ATM,166,335,7,35
1574,26599.53,2022-03-19,Depósito,False,EUR,TXN-001574,ATM,1449,269,366,44
1575,47369.17,2024-05-10,Depósito,False,MXN,TXN-001575,ATM,1078,1471,187,53
1576,15924.1,2023-04-15,Préstamo,False,MXN,TXN-001576,Web,1280,431,137,184
1577,48169.86,2025-03-30,Pago,False,GTQ,TXN-001577,ATM,903,1066,123,11
1578,18973.98,2022-12-05,Transferencia,False,EUR,TXN-001578,Web,25,283,258,179
1579,47821.1,2024-02-23,Retiro,False,USD,TXN-001579,Sucursal,1069,790,70,93
1580,12438.83,2023-12-31,Pago,False,GTQ,TXN-001580,Telefónico,731,976,582,144
1581,27810.13,2025-09-24,Compra,False,EUR,TXN-001581,App Móvil,399,135,488,160
1582,23358.96,2023-04-12,Transferencia,False,USD,TXN-001582,Telefónico,430,478,488,50
1583,37106.42,2022-04-16,Pago,False,MXN,TXN-001583,ATM,564,176,28,135
1584,27210.09,2025-05-29,Transferencia,True,MXN,TXN-001584,Web,306,844,177,8
1585,31416.5,2022-11-17,Transferencia,False,COP,TXN-001585,Telefónico,1149,1342,286,89
1586,29814.49,2023-10-25,Compra,False,MXN,TXN-001586,App Móvil,369,503,135,61
1587,40644.86,2025-07-01,Compra,False,MXN,TXN-001587,ATM,430,155,118,118
1588,39480.1,2022-12-09,Pago,True,GTQ,TXN-001588,Telefónico,739,913,539,138
1589,43187.57,2023-08-03,Transferencia,False,MXN,TXN-001589,ATM,117,889,13,44
1590,47341.38,2022-04-07,Depósito,False,COP,TXN-001590,Telefónico,573,250,434,127
1591,25788.56,2023-10-27,Retiro,False,COP,TXN-001591,ATM,1331,716,6,151
1592,37655.31,2022-03-30,Retiro,False,COP,TXN-001592,Sucursal,694,1178,181,64
1593,31105.01,2022-09-20,Depósito,False,USD,TXN-001593,Telefónico,801,845,440,87
1594,45564.49,2025-11-13,Pago,False,GTQ,TXN-001594,ATM,214,1107,232,167
1595,38273.99,2022-04-05,Préstamo,False,EUR,TXN-001595,Sucursal,1134,554,150,28
1596,13046.91,2023-08-29,Compra,False,USD,TXN-001596,Telefónico,998,791,294,28
1597,37610.32,2023-06-10,Transferencia,False,MXN,TXN-001597,Telefónico,872,1465,574,173
1598,28186.35,2025-11-27,Retiro,False,COP,TXN-001598,ATM,1424,860,458,70
1599,47887.23,2024-03-20,Préstamo,False,MXN,TXN-001599,Sucursal,1271,155,155,110
1600,25205.15,2025-08-30,Compra,False,MXN,TXN-001600,Telefónico,594,188,325,56
1601,2628.72,2023-07-25,Compra,False,USD,TXN-001601,App Móvil,931,969,442,190
1602,33792.67,2022-10-29,Retiro,False,USD,TXN-001602,Sucursal,545,730,560,4
1603,147.12,2025-07-10,Compra,True,USD,TXN-001603,Sucursal,554,902,353,18
1604,18669.76,2023-01-01,Depósito,False,COP,TXN-001604,Web,1043,916,52,199
1605,48451.7,2024-08-19,Pago,False,EUR,TXN-001605,Sucursal,452,1369,121,37
1606,44552.38,2022-05-29,Pago,False,USD,TXN-001606,App Móvil,746,798,28,142
1607,32989.99,2023-12-16,Compra,False,GTQ,TXN-001607,ATM,700,938,240,37
1608,9089.62,2024-02-19,Transferencia,False,GTQ,TXN-001608,Telefónico,1446,625,553,186
1609,45844.5,2023-03-12,Depósito,False,COP,TXN-001609,App Móvil,2,684,211,8
1610,3668.01,2023-05-19,Préstamo,False,MXN,TXN-001610,ATM,415,551,194,33
1611,16165.63,2025-01-02,Retiro,False,COP,TXN-001611,Telefónico,1205,1056,455,185
1612,36820.99,2024-05-22,Transferencia,False,GTQ,TXN-001612,Sucursal,904,57,279,97
1613,39361.1,2024-06-30,Transferencia,False,GTQ,TXN-001613,ATM,204,570,82,187
1614,49591.73,2023-08-05,Pago,False,MXN,TXN-001614,Telefónico,1353,1000,449,22
1615,31850.12,2024-02-21,Pago,False,COP,TXN-001615,Sucursal,1353,1492,448,48
1616,44602.84,2023-09-09,Transferencia,False,EUR,TXN-001616,ATM,163,733,384,129
1617,6105.74,2025-01-09,Préstamo,False,MXN,TXN-001617,ATM,896,879,69,71
1618,25300.17,2025-07-09,Transferencia,False,EUR,TXN-001618,App Móvil,349,1002,516,129
1619,20919.06,2025-11-06,Compra,False,USD,TXN-001619,App Móvil,963,355,165,35
1620,10947.95,2024-12-09,Pago,False,GTQ,TXN-001620,ATM,420,1462,577,7
1621,34936.84,2022-10-11,Préstamo,False,GTQ,TXN-001621,ATM,30,945,280,131
1622,21001.28,2024-09-16,Transferencia,False,EUR,TXN-001622,ATM,530,720,114,188
1623,34789.54,2023-08-31,Retiro,False,MXN,TXN-001623,Telefónico,952,1332,237,148
1624,20099.45,2023-09-28,Retiro,False,MXN,TXN-001624,Sucursal,174,203,504,171
1625,46611.35,2024-06-05,Depósito,False,MXN,TXN-001625,ATM,922,819,493,101
1626,17645.9,2025-10-06,Préstamo,True,EUR,TXN-001626,Web,96,1152,447,80
1627,46329.41,2024-01-15,Transferencia,True,EUR,TXN-001627,Telefónico,675,657,551,133
1628,6726.65,2024-09-25,Pago,False,MXN,TXN-001628,ATM,1014,1084,307,190
1629,8338.9,2025-11-07,Préstamo,False,COP,TXN-001629,ATM,565,291,42,107
1630,29749.64,2025-10-23,Pago,False,COP,TXN-001630,Sucursal,1244,349,283,9
1631,40022.31,2024-04-29,Depósito,False,USD,TXN-001631,Telefónico,127,779,39,63
1632,12854.59,2022-07-02,Compra,True,USD,TXN-001632,Telefónico,333,180,245,62
1633,5433.63,2024-11-07,Retiro,False,GTQ,TXN-001633,Sucursal,41,162,363,65
1634,16175.93,2023-10-17,Retiro,False,USD,TXN-001634,ATM,1028,1090,365,40
1635,5226.06,2023-01-30,Depósito,True,COP,TXN-001635,Sucursal,1167,805,260,89
1636,47685.39,2022-05-30,Depósito,False,COP,TXN-001636,Telefónico,932,1449,205,167
1637,35633.83,2023-05-10,Retiro,False,EUR,TXN-001637,Sucursal,1028,935,435,159
1638,32855.93,2025-01-16,Préstamo,False,COP,TXN-001638,ATM,885,507,551,112
1639,3423.9,2022-10-16,Retiro,False,MXN,TXN-001639,App Móvil,1361,513,126,154
1640,49659.37,2024-06-04,Pago,False,EUR,TXN-001640,Sucursal,1259,1195,314,163
1641,35187.02,2023-02-06,Depósito,False,COP,TXN-001641,ATM,964,863,141,111
1642,41827.13,2025-04-23,Depósito,False,USD,TXN-001642,Sucursal,1076,742,493,145
1643,44323.41,2022-01-09,Pago,True,MXN,TXN-001643,App Móvil,1489,1242,60,174
1644,42804.52,2022-09-18,Transferencia,False,USD,TXN-001644,Telefónico,1271,641,466,41
1645,6218.76,2024-01-19,Préstamo,False,GTQ,TXN-001645,Telefónico,207,264,43,163
1646,36553.17,2023-09-17,Préstamo,False,EUR,TXN-001646,Sucursal,562,721,188,39
1647,19540.4,2023-03-21,Préstamo,False,USD,TXN-001647,Telefónico,74,193,218,174
1648,26100.97,2022-09-27,Depósito,False,USD,TXN-001648,ATM,723,75,247,173
1649,47720.93,2022-04-20,Préstamo,True,MXN,TXN-001649,ATM,1103,188,321,153
1650,3286.63,2022-11-23,Transferencia,False,USD,TXN-001650,ATM,1080,582,542,77
1651,2473.02,2022-01-30,Préstamo,False,COP,TXN-001651,Web,389,710,253,48
1652,42749.88,2025-03-03,Compra,False,MXN,TXN-001652,App Móvil,1056,111,144,68
1653,15120.97,2022-06-26,Transferencia,False,COP,TXN-001653,App Móvil,553,9,480,124
1654,27867.54,2023-11-04,Préstamo,False,USD,TXN-001654,Web,198,1371,501,122
1655,11038.38,2023-12-04,Retiro,False,MXN,TXN-001655,Sucursal,1290,1318,67,113
1656,17854.82,2023-11-23,Retiro,False,EUR,TXN-001656,Telefónico,261,909,110,74
1657,8994.43,2024-05-26,Transferencia,False,EUR,TXN-001657,Web,959,200,595,56
1658,30364.75,2025-12-20,Transferencia,False,USD,TXN-001658,App Móvil,1182,262,355,16
1659,10392.63,2023-04-01,Préstamo,False,USD,TXN-001659,Telefónico,1315,202,52,112
1660,30940.32,2025-06-09,Préstamo,False,EUR,TXN-001660,Telefónico,323,968,186,74
1661,9455.3,2025-03-03,Transferencia,False,USD,TXN-001661,Telefónico,915,970,45,57
1662,34435.91,2024-06-23,Retiro,False,COP,TXN-001662,Web,922,230,581,179
1663,23103.36,2023-08-13,Pago,False,GTQ,TXN-001663,App Móvil,743,646,432,173
1664,1689.49,2024-03-12,Préstamo,False,EUR,TXN-001664,Telefónico,383,364,91,12
1665,13812.55,2024-03-17,Retiro,False,USD,TXN-001665,Sucursal,8,1469,274,75
1666,41187.37,2025-02-27,Depósito,False,COP,TXN-001666,App Móvil,515,431,259,38
1667,38009.77,2022-01-16,Préstamo,False,GTQ,TXN-001667,Sucursal,321,1414,154,43
1668,35892.98,2022-11-18,Depósito,False,COP,TXN-001668,App Móvil,905,816,520,115
1669,33436.03,2025-05-17,Pago,False,USD,TXN-001669,Telefónico,1117,655,382,56
1670,2189.46,2022-05-03,Préstamo,True,MXN,TXN-001670,Web,81,30,144,88
1671,43024.74,2024-09-01,Depósito,False,EUR,TXN-001671,ATM,1054,1497,413,95
1672,6038.57,2025-09-09,Retiro,False,MXN,TXN-001672,App Móvil,1130,847,248,75
1673,31889.74,2025-12-28,Retiro,False,MXN,TXN-001673,ATM,562,863,424,136
1674,16715.9,2023-02-16,Retiro,False,GTQ,TXN-001674,Sucursal,584,134,321,127
1675,48643.64,2024-11-20,Retiro,False,GTQ,TXN-001675,Sucursal,418,643,406,146
1676,17955.18,2024-01-10,Compra,False,MXN,TXN-001676,ATM,1382,792,422,4
1677,46078.18,2023-04-14,Préstamo,False,USD,TXN-001677,Sucursal,86,1312,323,40
1678,42151.95,2024-11-22,Retiro,False,USD,TXN-001678,App Móvil,374,1167,9,145
1679,48538.39,2022-07-09,Préstamo,False,EUR,TXN-001679,ATM,328,377,362,123
1680,18419.62,2024-07-17,Préstamo,False,USD,TXN-001680,Web,1204,1299,497,102
1681,13658.06,2024-05-29,Retiro,False,USD,TXN-001681,App Móvil,847,93,190,159
1682,27260.71,2024-09-23,Pago,False,USD,TXN-001682,Telefónico,967,95,573,37
1683,31000.48,2025-07-31,Pago,False,EUR,TXN-001683,Web,250,34,157,43
1684,18470.34,2025-10-11,Préstamo,False,EUR,TXN-001684,Telefónico,1244,1307,404,35
1685,1288.6,2025-10-18,Préstamo,False,COP,TXN-001685,ATM,1141,534,203,155
1686,23397.21,2025-09-12,Préstamo,False,EUR,TXN-001686,Sucursal,112,1118,413,118
1687,1212.12,2024-06-16,Compra,False,USD,TXN-001687,ATM,1408,1278,311,103
1688,18870.52,2025-02-24,Pago,False,MXN,TXN-001688,App Móvil,883,804,579,163
1689,25906.84,2025-10-29,Préstamo,False,EUR,TXN-001689,App Móvil,634,431,543,84
1690,9046.57,2024-05-24,Pago,False,COP,TXN-001690,Sucursal,687,1187,189,97
1691,37541.55,2022-10-20,Retiro,False,MXN,TXN-001691,Web,779,1159,500,63
1692,35894.82,2025-01-11,Préstamo,False,COP,TXN-001692,Web,1295,623,485,15
1693,13531.39,2025-10-08,Préstamo,False,USD,TXN-001693,ATM,1491,1397,258,111
1694,5276.7,2023-09-03,Compra,False,MXN,TXN-001694,App Móvil,853,815,560,13
1695,19798.82,2025-01-29,Depósito,False,COP,TXN-001695,Telefónico,776,1052,483,158
1696,48593.45,2023-06-06,Transferencia,False,USD,TXN-001696,Telefónico,347,557,369,22
1697,31082.94,2022-06-27,Pago,False,EUR,TXN-001697,ATM,1066,875,49,144
1698,34773.21,2022-07-27,Compra,False,USD,TXN-001698,Telefónico,1107,467,29,32
1699,37062.67,2024-05-11,Compra,False,GTQ,TXN-001699,Web,810,1187,209,127
1700,48472.49,2025-06-03,Compra,False,GTQ,TXN-001700,App Móvil,1012,1234,162,41
1701,19283.93,2024-01-22,Pago,False,GTQ,TXN-001701,App Móvil,57,158,157,62
1702,18196.98,2023-02-04,Pago,False,MXN,TXN-001702,Web,1188,204,69,75
1703,27670.13,2024-09-20,Transferencia,True,USD,TXN-001703,Web,10,1216,126,141
1704,24200.49,2022-08-19,Pago,True,COP,TXN-001704,ATM,1219,874,19,63
1705,38666.43,2023-10-18,Depósito,False,COP,TXN-001705,App Móvil,201,1359,8,179
1706,5268.89,2022-06-12,Depósito,False,MXN,TXN-001706,ATM,12,1414,218,194
1707,42498.3,2023-06-11,Pago,False,COP,TXN-001707,Sucursal,357,603,117,96
1708,14241.06,2024-06-10,Compra,False,GTQ,TXN-001708,App Móvil,149,641,477,161
1709,34500.62,2022-10-01,Depósito,False,USD,TXN-001709,Telefónico,120,1466,191,9
1710,2338.89,2024-11-30,Transferencia,False,COP,TXN-001710,Web,522,110,290,161
1711,32079.21,2023-02-24,Pago,False,GTQ,TXN-001711,Sucursal,1462,1164,13,7
1712,43523.03,2023-06-28,Préstamo,False,GTQ,TXN-001712,Telefónico,768,1230,240,36
1713,9353.24,2022-11-25,Retiro,False,USD,TXN-001713,App Móvil,1400,718,168,23
1714,4945.42,2023-12-11,Préstamo,False,EUR,TXN-001714,Web,452,229,542,191
1715,44527.96,2022-02-24,Transferencia,False,GTQ,TXN-001715,Sucursal,441,343,457,130
1716,40162.2,2024-08-17,Préstamo,False,COP,TXN-001716,Sucursal,227,232,139,154
1717,15999.73,2024-11-04,Depósito,False,EUR,TXN-001717,Web,15,368,443,114
1718,8539.9,2025-03-20,Retiro,True,GTQ,TXN-001718,Sucursal,479,33,347,54
1719,14152.83,2024-01-10,Pago,False,GTQ,TXN-001719,Telefónico,1313,48,535,72
1720,33240.52,2023-10-23,Retiro,True,GTQ,TXN-001720,Telefónico,153,125,266,129
1721,27391.95,2024-09-29,Depósito,False,GTQ,TXN-001721,Web,656,336,509,130
1722,22609.69,2022-01-15,Compra,False,USD,TXN-001722,App Móvil,514,894,461,101
1723,14712.83,2024-11-10,Pago,True,EUR,TXN-001723,ATM,559,1352,8,22
1724,22098.88,2025-05-03,Depósito,False,USD,TXN-001724,Web,1019,335,562,48
1725,5899.06,2023-04-29,Pago,False,GTQ,TXN-001725,ATM,1157,53,111,24
1726,41322.59,2024-05-24,Pago,False,MXN,TXN-001726,Telefónico,323,130,32,19
1727,1986.62,2023-09-13,Transferencia,True,MXN,TXN-001727,ATM,1266,1222,66,17
1728,31905.46,2024-08-30,Transferencia,False,GTQ,TXN-001728,Sucursal,1382,961,51,172
1729,27043.05,2024-06-19,Compra,False,MXN,TXN-001729,Telefónico,805,557,570,104
1730,32871.62,2023-06-06,Transferencia,False,MXN,TXN-001730,Telefónico,400,1292,26,79
1731,27155.81,2023-05-20,Compra,False,COP,TXN-001731,App Móvil,1300,610,592,16
1732,49839.75,2023-07-16,Retiro,False,MXN,TXN-001732,Sucursal,255,205,412,119
1733,45106.94,2023-11-24,Pago,False,EUR,TXN-001733,Telefónico,900,853,409,189
1734,24202.12,2022-07-13,Depósito,False,MXN,TXN-001734,ATM,60,198,340,20
1735,37921.54,2022-11-09,Préstamo,True,USD,TXN-001735,Telefónico,990,956,5,65
1736,47863.03,2024-10-30,Pago,False,MXN,TXN-001736,Sucursal,1442,717,140,83
1737,7446.93,2023-12-25,Préstamo,False,COP,TXN-001737,Web,389,1493,545,69
1738,27785.88,2024-01-09,Préstamo,False,COP,TXN-001738,Sucursal,1074,1156,179,118
1739,30388.12,2023-03-17,Préstamo,False,EUR,TXN-001739,Sucursal,352,1269,17,42
1740,1510.34,2023-05-13,Compra,False,COP,TXN-001740,Sucursal,1434,523,434,51
1741,39997.5,2024-02-26,Retiro,False,COP,TXN-001741,ATM,1463,1242,273,35
1742,12430.61,2023-10-16,Préstamo,False,MXN,TXN-001742,ATM,1388,932,135,182
1743,3881.27,2024-05-02,Préstamo,False,MXN,TXN-001743,Sucursal,492,1235,171,40
1744,16681.18,2023-04-08,Pago,False,EUR,TXN-001744,App Móvil,970,510,400,162
1745,42606.46,2023-02-03,Pago,False,EUR,TXN-001745,App Móvil,324,116,120,68
1746,4602.39,2023-02-06,Retiro,False,EUR,TXN-001746,Web,1416,273,426,55
1747,39987.55,2024-05-09,Pago,False,USD,TXN-001747,Web,822,351,374,118
1748,13804.14,2022-08-29,Préstamo,False,EUR,TXN-001748,Web,66,581,278,75
1749,3884.03,2023-06-28,Compra,False,EUR,TXN-001749,ATM,302,173,582,86
1750,14448.06,2022-06-15,Préstamo,False,COP,TXN-001750,Telefónico,980,1314,307,46
1751,18934.48,2024-01-22,Transferencia,False,USD,TXN-001751,Telefónico,1281,615,114,32
1752,37624.03,2022-12-22,Retiro,False,MXN,TXN-001752,ATM,836,560,183,151
1753,49534.95,2024-06-22,Préstamo,False,USD,TXN-001753,ATM,1222,1027,220,167
1754,26420.33,2025-08-14,Compra,False,GTQ,TXN-001754,ATM,1274,1267,246,1
1755,15811.06,2024-01-25,Préstamo,False,GTQ,TXN-001755,Telefónico,126,952,226,72
1756,8879.33,2023-04-26,Transferencia,False,EUR,TXN-001756,Sucursal,984,1165,572,44
1757,37010.11,2022-02-22,Préstamo,False,COP,TXN-001757,App Móvil,533,665,144,65
1758,45205.41,2024-09-06,Compra,False,MXN,TXN-001758,Web,829,615,316,53
1759,3559.86,2024-05-01,Transferencia,False,MXN,TXN-001759,Sucursal,98,1302,399,30
1760,18887.22,2025-07-07,Depósito,False,USD,TXN-001760,Sucursal,1486,55,317,156
1761,39950.99,2024-11-28,Depósito,False,COP,TXN-001761,App Móvil,210,302,396,87
1762,3885.55,2024-06-15,Transferencia,False,EUR,TXN-001762,Telefónico,19,870,10,27
1763,15927.87,2023-01-27,Transferencia,False,MXN,TXN-001763,App Móvil,221,338,2,66
1764,45519.12,2025-02-16,Compra,False,COP,TXN-001764,Sucursal,108,384,524,59
1765,5649.88,2025-02-08,Depósito,False,GTQ,TXN-001765,ATM,1309,274,562,76
1766,1843.95,2024-03-20,Depósito,False,COP,TXN-001766,Telefónico,289,762,464,130
1767,1630.69,2022-05-19,Retiro,True,GTQ,TXN-001767,ATM,536,336,277,35
1768,701.89,2024-09-27,Pago,False,USD,TXN-001768,Telefónico,528,804,434,18
1769,28944.97,2025-12-14,Retiro,False,COP,TXN-001769,Telefónico,1472,725,280,117
1770,23532.19,2024-09-30,Préstamo,False,COP,TXN-001770,Telefónico,663,1352,175,152
1771,17007.31,2025-03-23,Depósito,False,COP,TXN-001771,Telefónico,471,59,214,100
1772,803.3,2025-07-05,Transferencia,False,GTQ,TXN-001772,ATM,909,890,224,155
1773,33635.91,2022-01-10,Retiro,False,USD,TXN-001773,Telefónico,559,1495,58,61
1774,37106.31,2024-12-22,Retiro,False,COP,TXN-001774,Sucursal,699,889,393,109
1775,42731.19,2024-01-02,Retiro,False,MXN,TXN-001775,Sucursal,1468,31,18,125
1776,39861.95,2022-07-01,Compra,False,EUR,TXN-001776,Web,669,168,399,43
1777,18990.68,2023-08-09,Transferencia,False,COP,TXN-001777,App Móvil,1359,281,134,72
1778,14676.79,2025-05-27,Préstamo,False,USD,TXN-001778,ATM,708,1193,416,96
1779,7882.3,2023-05-16,Depósito,False,MXN,TXN-001779,Telefónico,493,689,339,10
1780,44726.53,2024-01-13,Retiro,False,MXN,TXN-001780,Web,916,1481,498,65
1781,17637.46,2022-11-13,Retiro,False,GTQ,TXN-001781,Web,1148,1489,175,85
1782,20971.24,2025-08-04,Transferencia,False,GTQ,TXN-001782,Sucursal,1129,595,333,198
1783,42597.38,2025-07-23,Pago,False,COP,TXN-001783,ATM,348,324,577,176
1784,43869.74,2025-07-02,Depósito,False,MXN,TXN-001784,ATM,877,672,599,145
1785,7119.04,2025-09-23,Compra,False,EUR,TXN-001785,ATM,1263,109,39,113
1786,28017.93,2023-12-03,Compra,False,GTQ,TXN-001786,Web,2,121,290,37
1787,36992.39,2023-10-18,Pago,False,COP,TXN-001787,ATM,850,1156,71,182
1788,47080.01,2024-02-08,Préstamo,False,USD,TXN-001788,ATM,414,1384,165,158
1789,3525.45,2024-06-08,Préstamo,False,USD,TXN-001789,App Móvil,583,855,278,16
1790,7045.46,2023-05-19,Pago,False,EUR,TXN-001790,Sucursal,1047,726,79,18
1791,24914.02,2024-07-08,Pago,False,COP,TXN-001791,Web,1080,1227,392,90
1792,32953.99,2022-03-26,Retiro,False,GTQ,TXN-001792,Telefónico,1236,387,68,124
1793,2423.0,2025-10-19,Pago,False,GTQ,TXN-001793,Telefónico,175,788,383,75
1794,26461.76,2024-05-09,Préstamo,False,MXN,TXN-001794,App Móvil,577,178,186,174
1795,30248.53,2023-04-01,Depósito,False,COP,TXN-001795,Telefónico,33,1292,50,188
1796,45426.16,2023-05-08,Depósito,True,MXN,TXN-001796,Sucursal,325,1402,511,118
1797,12016.0,2024-07-23,Depósito,False,EUR,TXN-001797,ATM,950,932,357,77
1798,44282.41,2024-10-29,Transferencia,False,COP,TXN-001798,ATM,678,1265,257,52
1799,5560.85,2022-10-14,Depósito,False,COP,TXN-001799,Web,734,1479,588,81
1800,11759.61,2025-06-20,Préstamo,True,USD,TXN-001800,Web,761,421,256,49
1801,10296.69,2022-05-24,Retiro,False,COP,TXN-001801,ATM,1337,169,345,192
1802,1151.67,2022-02-05,Depósito,False,USD,TXN-001802,Sucursal,59,952,15,99
1803,35867.89,2022-09-10,Préstamo,False,EUR,TXN-001803,ATM,902,577,520,123
1804,5377.05,2024-05-10,Retiro,False,COP,TXN-001804,Web,895,322,262,170
1805,34866.19,2025-03-31,Depósito,False,USD,TXN-001805,App Móvil,279,929,179,150
1806,21844.75,2024-09-05,Pago,False,EUR,TXN-001806,Web,578,110,35,41
1807,25367.29,2024-08-04,Transferencia,False,USD,TXN-001807,ATM,469,740,560,47
1808,26540.78,2025-05-19,Transferencia,False,COP,TXN-001808,Telefónico,1100,542,308,155
1809,19210.81,2025-07-03,Compra,False,GTQ,TXN-001809,Telefónico,734,170,283,81
1810,49988.66,2024-06-04,Retiro,False,EUR,TXN-001810,Web,807,1346,244,150
1811,12898.8,2022-12-14,Retiro,False,USD,TXN-001811,Telefónico,13,62,385,127
1812,16518.38,2022-01-20,Transferencia,False,COP,TXN-001812,Telefónico,1103,749,482,196
1813,34377.8,2022-09-13,Préstamo,False,EUR,TXN-001813,Sucursal,1000,1227,463,12
1814,37673.68,2022-10-21,Préstamo,False,EUR,TXN-001814,App Móvil,1262,1391,132,129
1815,2874.21,2025-09-26,Transferencia,False,MXN,TXN-001815,Sucursal,1429,58,34,163
1816,13499.79,2022-03-29,Préstamo,False,USD,TXN-001816,App Móvil,1015,495,424,26
1817,14910.65,2025-04-18,Compra,False,USD,TXN-001817,App Móvil,454,1360,395,69
1818,16187.45,2023-12-09,Retiro,False,USD,TXN-001818,Telefónico,717,986,207,33
1819,24499.4,2023-11-25,Transferencia,False,EUR,TXN-001819,App Móvil,1151,819,434,101
1820,3521.12,2024-08-16,Transferencia,False,EUR,TXN-001820,ATM,1068,1041,426,174
1821,42981.61,2025-04-07,Retiro,False,GTQ,TXN-001821,Telefónico,853,166,246,108
1822,12551.7,2023-12-01,Compra,False,EUR,TXN-001822,ATM,490,795,123,179
1823,43182.3,2023-03-01,Compra,True,EUR,TXN-001823,Sucursal,847,239,193,48
1824,45315.9,2024-11-12,Pago,False,EUR,TXN-001824,Sucursal,270,535,414,18
1825,4085.39,2025-12-23,Depósito,False,COP,TXN-001825,Sucursal,1216,264,320,143
1826,28990.9,2024-12-12,Depósito,False,COP,TXN-001826,Telefónico,1434,795,419,190
1827,28586.96,2022-04-30,Retiro,False,USD,TXN-001827,Sucursal,406,175,53,67
1828,19440.17,2023-01-11,Pago,False,EUR,TXN-001828,Telefónico,1452,420,81,109
1829,11760.68,2022-10-02,Depósito,False,EUR,TXN-001829,Sucursal,513,273,11,29
1830,10197.94,2025-05-25,Transferencia,False,COP,TXN-001830,Telefónico,1000,800,436,63
1831,32582.76,2024-01-14,Préstamo,False,EUR,TXN-001831,Web,956,1398,398,2
1832,8697.1,2023-01-22,Retiro,True,MXN,TXN-001832,Sucursal,861,308,212,165
1833,22744.14,2023-08-16,Pago,False,COP,TXN-001833,Telefónico,723,1005,317,17
1834,43994.83,2025-12-24,Transferencia,False,USD,TXN-001834,Web,4,611,481,53
1835,37622.34,2024-12-08,Pago,False,MXN,TXN-001835,ATM,38,447,391,53
1836,34178.7,2023-12-01,Depósito,False,GTQ,TXN-001836,App Móvil,666,261,571,132
1837,653.21,2025-01-11,Transferencia,False,MXN,TXN-001837,Telefónico,1415,310,338,130
1838,48329.51,2025-02-25,Retiro,False,USD,TXN-001838,App Móvil,1365,846,106,25
1839,25130.8,2024-09-19,Compra,True,GTQ,TXN-001839,Web,1344,336,401,109
1840,11434.47,2025-06-16,Retiro,False,MXN,TXN-001840,Web,789,806,520,19
1841,7926.69,2023-10-31,Compra,False,COP,TXN-001841,ATM,1332,505,345,3
1842,48859.12,2022-04-11,Préstamo,False,USD,TXN-001842,Telefónico,395,412,285,8
1843,18067.74,2025-11-11,Pago,False,GTQ,TXN-001843,Web,461,1005,160,182
1844,6315.96,2025-11-11,Retiro,False,MXN,TXN-001844,Sucursal,514,703,101,150
1845,2381.34,2023-05-27,Transferencia,False,EUR,TXN-001845,Sucursal,1294,702,514,117
1846,22809.5,2025-12-06,Depósito,True,EUR,TXN-001846,Web,1138,127,291,160
1847,30185.59,2022-11-24,Préstamo,False,COP,TXN-001847,Telefónico,599,1110,244,130
1848,45467.05,2022-06-01,Retiro,False,GTQ,TXN-001848,ATM,1030,347,479,114
1849,13419.66,2024-03-30,Préstamo,False,GTQ,TXN-001849,Sucursal,1018,848,361,113
1850,6891.93,2022-12-08,Pago,False,MXN,TXN-001850,App Móvil,848,710,582,168
1851,13451.99,2025-09-26,Transferencia,False,USD,TXN-001851,Telefónico,672,1345,313,144
1852,38937.02,2023-06-09,Préstamo,False,EUR,TXN-001852,Sucursal,540,1189,492,105
1853,36094.27,2025-01-15,Compra,False,MXN,TXN-001853,ATM,810,158,349,5
1854,44740.7,2025-11-29,Retiro,False,COP,TXN-001854,ATM,70,1449,410,191
1855,9383.53,2025-03-01,Préstamo,False,EUR,TXN-001855,Telefónico,909,1056,193,99
1856,28962.88,2022-11-12,Préstamo,False,MXN,TXN-001856,App Móvil,32,240,426,99
1857,38752.31,2024-04-19,Transferencia,False,COP,TXN-001857,Sucursal,218,1151,548,11
1858,45.85,2023-04-03,Préstamo,False,USD,TXN-001858,Telefónico,898,279,563,26
1859,580.21,2025-06-19,Depósito,False,MXN,TXN-001859,Sucursal,137,324,439,57
1860,47213.46,2024-06-27,Pago,False,EUR,TXN-001860,ATM,908,336,516,58
1861,21032.17,2025-08-04,Transferencia,True,COP,TXN-001861,App Móvil,769,741,356,104
1862,24524.28,2023-02-01,Compra,False,MXN,TXN-001862,Sucursal,1351,668,490,9
1863,19560.76,2025-05-15,Pago,False,GTQ,TXN-001863,Sucursal,651,534,258,186
1864,29521.28,2023-12-01,Retiro,False,MXN,TXN-001864,Telefónico,1223,12,546,127
1865,33057.46,2024-11-25,Compra,False,MXN,TXN-001865,Telefónico,494,1472,128,15
1866,10625.14,2025-04-22,Pago,False,MXN,TXN-001866,Sucursal,330,677,131,81
1867,38869.98,2025-11-06,Transferencia,False,COP,TXN-001867,ATM,558,1015,529,14
1868,42472.31,2024-03-01,Transferencia,False,EUR,TXN-001868,Telefónico,627,29,479,197
1869,1288.51,2025-10-07,Transferencia,False,GTQ,TXN-001869,Sucursal,27,84,215,133
1870,12889.08,2025-12-23,Pago,False,EUR,TXN-001870,Sucursal,1038,656,290,63
1871,11606.54,2022-03-08,Compra,False,COP,TXN-001871,ATM,824,1173,108,54
1872,26561.15,2024-02-14,Depósito,False,GTQ,TXN-001872,Telefónico,220,1177,225,37
1873,47953.25,2022-09-15,Préstamo,False,COP,TXN-001873,ATM,224,412,180,92
1874,5187.19,2025-04-08,Préstamo,False,GTQ,TXN-001874,Web,1291,139,362,154
1875,28895.4,2025-03-28,Retiro,False,GTQ,TXN-001875,Web,615,30,322,145
1876,31246.52,2022-03-16,Préstamo,False,USD,TXN-001876,Web,919,1273,253,143
1877,22388.44,2024-08-16,Depósito,False,MXN,TXN-001877,App Móvil,1111,1454,397,43
1878,28866.16,2022-05-26,Pago,False,EUR,TXN-001878,App Móvil,1491,1073,218,145
1879,27510.16,2023-08-11,Retiro,False,USD,TXN-001879,App Móvil,1254,964,541,26
1880,20379.28,2025-03-10,Préstamo,False,USD,TXN-001880,Telefónico,1046,403,459,181
1881,19247.58,2024-11-10,Pago,False,GTQ,TXN-001881,Sucursal,18,370,126,90
1882,4001.44,2023-04-01,Pago,False,GTQ,TXN-001882,App Móvil,633,1146,482,131
1883,17062.6,2024-04-11,Depósito,False,MXN,TXN-001883,App Móvil,850,116,140,181
1884,27638.06,2022-03-10,Pago,False,GTQ,TXN-001884,Web,1362,1145,544,114
1885,13498.11,2025-07-02,Pago,False,USD,TXN-001885,App Móvil,655,897,215,107
1886,21900.93,2022-08-15,Compra,False,USD,TXN-001886,ATM,27,775,484,170
1887,16188.22,2024-08-11,Transferencia,False,USD,TXN-001887,Sucursal,359,775,289,148
1888,47401.79,2022-07-14,Préstamo,False,EUR,TXN-001888,ATM,849,977,235,116
1889,17778.65,2023-09-01,Préstamo,False,COP,TXN-001889,Telefónico,730,364,150,83
1890,20968.86,2025-05-21,Compra,False,GTQ,TXN-001890,App Móvil,286,1476,534,94
1891,40948.54,2024-06-05,Depósito,False,USD,TXN-001891,Web,214,211,557,89
1892,23002.75,2024-05-11,Depósito,False,GTQ,TXN-001892,ATM,153,655,62,170
1893,472.18,2023-02-19,Compra,False,USD,TXN-001893,App Móvil,848,1090,597,58
1894,16187.31,2024-09-20,Retiro,True,COP,TXN-001894,Sucursal,531,889,53,64
1895,37330.24,2024-02-11,Pago,False,USD,TXN-001895,Web,1282,613,554,148
1896,15039.66,2024-01-07,Pago,False,EUR,TXN-001896,ATM,309,501,463,14
1897,15846.45,2023-11-22,Préstamo,False,MXN,TXN-001897,Telefónico,695,158,137,104
1898,27200.36,2023-02-19,Pago,False,EUR,TXN-001898,Web,394,1097,476,23
1899,33257.98,2024-03-09,Pago,False,COP,TXN-001899,Sucursal,774,226,594,119
1900,20904.15,2023-03-18,Préstamo,False,MXN,TXN-001900,App Móvil,514,986,215,176
1901,32576.11,2025-02-21,Depósito,False,USD,TXN-001901,Sucursal,1140,706,540,25
1902,45901.15,2022-11-14,Pago,False,COP,TXN-001902,ATM,1169,388,93,198
1903,46658.63,2022-10-13,Compra,False,GTQ,TXN-001903,Sucursal,1460,360,190,90
1904,28992.48,2022-07-14,Compra,False,EUR,TXN-001904,ATM,493,1404,350,95
1905,42167.19,2023-10-14,Compra,False,COP,TXN-001905,Web,570,132,88,67
1906,44528.11,2023-04-06,Transferencia,False,USD,TXN-001906,Web,8,105,518,39
1907,9547.29,2025-06-08,Transferencia,False,EUR,TXN-001907,Sucursal,883,973,594,194
1908,18020.87,2024-10-28,Compra,False,MXN,TXN-001908,Web,1120,779,95,50
1909,2993.53,2025-01-10,Depósito,False,COP,TXN-001909,ATM,303,751,396,75
1910,14909.83,2025-11-04,Préstamo,False,COP,TXN-001910,Telefónico,1281,431,180,54
1911,8508.22,2024-06-18,Pago,False,COP,TXN-001911,Telefónico,42,1181,297,102
1912,10681.29,2024-03-23,Pago,False,USD,TXN-001912,App Móvil,957,1361,568,76
1913,5165.36,2024-03-18,Pago,False,COP,TXN-001913,App Móvil,794,86,242,54
1914,15586.71,2023-08-05,Préstamo,True,MXN,TXN-001914,ATM,1436,830,585,21
1915,21661.03,2023-06-05,Préstamo,False,USD,TXN-001915,App Móvil,1294,185,235,25
1916,47537.97,2024-04-23,Pago,False,MXN,TXN-001916,Sucursal,126,1461,184,193
1917,13713.34,2023-09-19,Transferencia,False,EUR,TXN-001917,App Móvil,295,1074,547,163
1918,30769.92,2024-02-14,Pago,False,USD,TXN-001918,Telefónico,679,930,361,20
1919,101.62,2024-05-24,Transferencia,False,GTQ,TXN-001919,Sucursal,214,1299,425,192
1920,39521.18,2024-03-08,Transferencia,False,EUR,TXN-001920,Sucursal,90,1352,19,164
1921,13099.72,2023-02-13,Compra,False,COP,TXN-001921,App Móvil,213,906,389,35
1922,3638.84,2024-03-07,Préstamo,True,MXN,TXN-001922,Telefónico,640,569,558,74
1923,43683.28,2022-10-30,Transferencia,False,MXN,TXN-001923,ATM,655,964,58,46
1924,7652.29,2024-12-10,Compra,False,USD,TXN-001924,ATM,1400,561,273,191
1925,23051.14,2025-08-08,Transferencia,False,MXN,TXN-001925,Web,521,29,529,96
1926,12201.71,2023-12-10,Préstamo,False,GTQ,TXN-001926,Sucursal,50,346,445,114
1927,27049.0,2023-04-01,Préstamo,False,USD,TXN-001927,App Móvil,194,518,512,196
1928,22759.53,2024-01-01,Retiro,False,GTQ,TXN-001928,Web,166,522,577,142
1929,14642.41,2022-12-31,Pago,False,GTQ,TXN-001929,Web,1424,340,520,172
1930,17833.33,2022-04-08,Compra,False,COP,TXN-001930,ATM,1125,148,143,29
1931,27381.69,2022-11-20,Depósito,False,COP,TXN-001931,Sucursal,903,804,171,86
1932,37964.58,2023-04-12,Préstamo,False,USD,TXN-001932,ATM,94,671,65,60
1933,11938.1,2025-11-10,Pago,False,EUR,TXN-001933,App Móvil,1231,605,173,125
1934,19877.69,2023-05-06,Compra,False,USD,TXN-001934,Telefónico,514,1230,289,76
1935,41990.97,2024-03-15,Retiro,False,EUR,TXN-001935,Web,97,1391,599,152
1936,42150.41,2023-12-31,Préstamo,False,COP,TXN-001936,App Móvil,545,317,196,58
1937,20550.24,2022-07-16,Retiro,False,COP,TXN-001937,Sucursal,54,1071,252,33
1938,2349.92,2022-02-11,Retiro,False,GTQ,TXN-001938,ATM,1210,1329,524,127
1939,16735.65,2023-10-08,Transferencia,True,COP,TXN-001939,Web,1354,217,217,120
1940,5247.59,2024-09-16,Retiro,False,EUR,TXN-001940,ATM,1000,349,482,147
1941,28404.32,2024-08-23,Transferencia,False,MXN,TXN-001941,ATM,1415,475,11,8
1942,12817.44,2025-10-23,Compra,False,EUR,TXN-001942,Telefónico,411,1455,406,85
1943,37718.06,2023-07-24,Compra,False,MXN,TXN-001943,Sucursal,1381,997,387,2
1944,10963.91,2022-04-29,Retiro,False,MXN,TXN-001944,ATM,907,277,107,38
1945,5290.13,2024-06-12,Compra,True,COP,TXN-001945,Web,14,1144,514,164
1946,42011.3,2024-12-28,Préstamo,False,COP,TXN-001946,ATM,316,729,5,79
1947,12360.86,2024-04-03,Transferencia,False,USD,TXN-001947,Sucursal,443,1190,337,124
1948,6628.61,2024-05-07,Compra,False,EUR,TXN-001948,Telefónico,904,765,53,56
1949,21373.41,2024-12-07,Transferencia,False,MXN,TXN-001949,ATM,1365,203,154,67
1950,3362.12,2024-09-25,Depósito,False,EUR,TXN-001950,Web,1327,1134,528,59
1951,581.09,2024-01-03,Pago,False,COP,TXN-001951,ATM,1256,451,139,190
1952,2097.92,2023-12-10,Pago,False,USD,TXN-001952,Telefónico,1430,814,573,120
1953,35243.75,2022-06-22,Retiro,True,COP,TXN-001953,Telefónico,485,595,501,185
1954,48913.94,2024-09-29,Pago,False,MXN,TXN-001954,Sucursal,624,933,38,71
1955,2002.16,2024-07-28,Compra,False,GTQ,TXN-001955,Telefónico,1206,1262,318,94
1956,28752.46,2023-04-23,Compra,False,MXN,TXN-001956,App Móvil,798,689,33,170
1957,12548.39,2023-02-26,Depósito,False,COP,TXN-001957,Telefónico,411,1408,99,14
1958,14673.96,2025-10-13,Depósito,False,EUR,TXN-001958,Sucursal,1063,42,285,55
1959,42775.8,2022-08-02,Préstamo,False,COP,TXN-001959,Telefónico,65,971,468,170
1960,33874.73,2025-03-26,Compra,False,GTQ,TXN-001960,Sucursal,930,140,328,130
1961,11587.65,2022-05-24,Transferencia,False,GTQ,TXN-001961,ATM,948,371,551,85
1962,45860.77,2022-08-15,Pago,False,MXN,TXN-001962,ATM,901,1139,489,178
1963,41597.44,2022-10-22,Compra,False,GTQ,TXN-001963,Web,328,1125,503,195
1964,32070.5,2024-01-22,Préstamo,False,USD,TXN-001964,ATM,1152,1278,592,173
1965,31229.79,2025-07-30,Compra,False,EUR,TXN-001965,App Móvil,1193,132,357,174
1966,43784.63,2025-12-31,Pago,False,GTQ,TXN-001966,ATM,1148,686,220,117
1967,6207.69,2025-03-04,Depósito,False,MXN,TXN-001967,App Móvil,853,417,505,32
1968,41732.11,2025-12-25,Transferencia,False,EUR,TXN-001968,ATM,892,1275,3,2
1969,1820.1,2024-04-20,Transferencia,False,USD,TXN-001969,Web,122,557,126,14
1970,15624.31,2024-06-29,Compra,False,MXN,TXN-001970,Web,1489,866,599,106
1971,8831.48,2025-09-17,Retiro,False,EUR,TXN-001971,Web,1074,331,465,53
1972,49744.52,2025-03-25,Préstamo,False,COP,TXN-001972,Web,548,530,384,30
1973,24027.22,2024-04-21,Depósito,False,EUR,TXN-001973,ATM,1315,1222,457,188
1974,45067.79,2025-02-21,Préstamo,False,USD,TXN-001974,Sucursal,751,1042,69,16
1975,9383.84,2025-11-26,Pago,False,EUR,TXN-001975,Telefónico,1436,661,57,111
1976,22984.94,2023-02-04,Préstamo,False,MXN,TXN-001976,App Móvil,1420,1015,110,122
1977,35034.99,2022-11-20,Retiro,False,MXN,TXN-001977,App Móvil,593,460,48,76
1978,45019.99,2024-03-23,Depósito,False,MXN,TXN-001978,ATM,248,412,152,123
1979,5533.85,2024-07-06,Compra,False,MXN,TXN-001979,App Móvil,2,897,450,111
1980,473.44,2023-08-29,Pago,False,MXN,TXN-001980,Web,437,668,584,185
1981,34380.83,2025-01-26,Préstamo,False,GTQ,TXN-001981,Sucursal,1245,49,417,119
1982,46646.8,2024-06-16,Transferencia,False,USD,TXN-001982,ATM,815,278,320,64
1983,32021.08,2025-03-22,Transferencia,False,EUR,TXN-001983,Telefónico,148,812,317,108
1984,6314.27,2023-08-03,Depósito,False,MXN,TXN-001984,Telefónico,559,989,162,168
1985,10216.18,2024-03-11,Préstamo,False,GTQ,TXN-001985,ATM,92,1397,360,9
1986,19649.62,2023-06-12,Transferencia,True,COP,TXN-001986,Sucursal,1359,379,232,24
1987,39650.22,2025-12-29,Depósito,False,MXN,TXN-001987,Sucursal,277,317,446,104
1988,32802.65,2025-07-24,Pago,False,EUR,TXN-001988,Web,662,587,117,178
1989,13884.27,2025-12-07,Pago,False,COP,TXN-001989,Sucursal,844,1158,76,120
1990,611.21,2022-05-19,Pago,False,COP,TXN-001990,App Móvil,1127,1364,341,116
1991,5796.07,2024-06-27,Compra,False,COP,TXN-001991,Sucursal,460,383,304,92
1992,6677.82,2022-09-02,Transferencia,False,MXN,TXN-001992,App Móvil,681,763,357,171
1993,429.86,2022-11-17,Compra,False,EUR,TXN-001993,App Móvil,749,1020,576,103
1994,44475.29,2022-07-09,Pago,False,USD,TXN-001994,ATM,1089,1010,597,179
1995,21706.6,2023-10-14,Compra,False,MXN,TXN-001995,Telefónico,1119,1207,155,103
1996,21549.97,2025-08-20,Pago,True,EUR,TXN-001996,ATM,505,643,65,94
1997,40018.92,2024-07-03,Préstamo,False,EUR,TXN-001997,App Móvil,179,989,600,52
1998,12530.7,2022-05-18,Pago,False,MXN,TXN-001998,Web,973,1067,274,196
1999,26502.72,2022-05-16,Compra,True,MXN,TXN-001999,Sucursal,515,685,164,29
2000,20849.67,2023-07-22,Préstamo,False,MXN,TXN-002000,App Móvil,405,551,328,39
